crop_name,variety_name,stage,start_day,end_day,duration_days,source_reference
Tomato,Arka Rakshak,germination,0,7,8,"ICAR-IIHR Research Bulletin 2021"
Tomato,Arka Rakshak,vegetative,8,35,28,"ICAR-IIHR Research Bulletin 2021"
Tomato,Arka Rakshak,flowering,36,60,25,"ICAR-IIHR Research Bulletin 2021"
Tomato,Arka Rakshak,fruiting,61,90,30,"ICAR-IIHR Research Bulletin 2021"
Tomato,Arka Rakshak,harvesting,91,130,40,"ICAR-IIHR Research Bulletin 2021"
Tomato,Pusa Ruby,germination,0,6,7,"IARI Agronomy Guidelines"
Tomato,Pusa Ruby,vegetative,7,30,24,"IARI Agronomy Guidelines"
Tomato,Pusa Ruby,flowering,31,50,20,"IARI Agronomy Guidelines"
Tomato,Pusa Ruby,fruiting,51,80,30,"IARI Agronomy Guidelines"
Tomato,Pusa Ruby,harvesting,81,115,35,"IARI Agronomy Guidelines"
Tomato,Abhinav Hybrid,germination,0,7,8,"FAO Crop Water Management Series"
Tomato,Abhinav Hybrid,vegetative,8,35,28,"FAO Crop Water Management Series"
Tomato,Abhinav Hybrid,flowering,36,55,20,"FAO Crop Water Management Series"
Tomato,Abhinav Hybrid,fruiting,56,95,40,"FAO Crop Water Management Series"
Tomato,Abhinav Hybrid,harvesting,96,135,40,"FAO Crop Water Management Series"
Rice / Paddy,Jyothi (Kerala),germination,0,10,11,"Kerala Agricultural University (KAU) Package of Practices 2024"
Rice / Paddy,Jyothi (Kerala),vegetative,11,45,35,"Kerala Agricultural University (KAU) Package of Practices 2024"
Rice / Paddy,Jyothi (Kerala),flowering,46,75,30,"Kerala Agricultural University (KAU) Package of Practices 2024"
Rice / Paddy,Jyothi (Kerala),fruiting,76,105,30,"Kerala Agricultural University (KAU) Package of Practices 2024"
Rice / Paddy,Jyothi (Kerala),harvesting,106,125,20,"Kerala Agricultural University (KAU) Package of Practices 2024"
Rice / Paddy,Uma (MO 16),germination,0,10,11,"KAU Rice Research Station Moncompu"
Rice / Paddy,Uma (MO 16),vegetative,11,50,40,"KAU Rice Research Station Moncompu"
Rice / Paddy,Uma (MO 16),flowering,51,85,35,"KAU Rice Research Station Moncompu"
Rice / Paddy,Uma (MO 16),fruiting,86,120,35,"KAU Rice Research Station Moncompu"
Rice / Paddy,Uma (MO 16),harvesting,121,140,20,"KAU Rice Research Station Moncompu"
Rice / Paddy,Basmati 370,germination,0,10,11,"ICAR-NRRI Cuttack Guidelines"
Rice / Paddy,Basmati 370,vegetative,11,55,45,"ICAR-NRRI Cuttack Guidelines"
Rice / Paddy,Basmati 370,flowering,56,90,35,"ICAR-NRRI Cuttack Guidelines"
Rice / Paddy,Basmati 370,fruiting,91,125,35,"ICAR-NRRI Cuttack Guidelines"
Rice / Paddy,Basmati 370,harvesting,126,145,20,"ICAR-NRRI Cuttack Guidelines"
Maize,DHM 117 Hybrid,germination,0,7,8,"ICAR-IIMR New Delhi"
Maize,DHM 117 Hybrid,vegetative,8,35,28,"ICAR-IIMR New Delhi"
Maize,DHM 117 Hybrid,flowering,36,60,25,"ICAR-IIMR New Delhi"
Maize,DHM 117 Hybrid,fruiting,61,90,30,"ICAR-IIMR New Delhi"
Maize,DHM 117 Hybrid,harvesting,91,115,25,"ICAR-IIMR New Delhi"
Maize,CO 6 Grain,germination,0,7,8,"TNAU Agronomy Manual"
Maize,CO 6 Grain,vegetative,8,30,23,"TNAU Agronomy Manual"
Maize,CO 6 Grain,flowering,31,55,25,"TNAU Agronomy Manual"
Maize,CO 6 Grain,fruiting,56,80,25,"TNAU Agronomy Manual"
Maize,CO 6 Grain,harvesting,81,105,25,"TNAU Agronomy Manual"
Wheat,HD 2967,germination,0,10,11,"ICAR-IIWBR Karnal"
Wheat,HD 2967,vegetative,11,45,35,"ICAR-IIWBR Karnal"
Wheat,HD 2967,flowering,46,75,30,"ICAR-IIWBR Karnal"
Wheat,HD 2967,fruiting,76,110,35,"ICAR-IIWBR Karnal"
Wheat,HD 2967,harvesting,111,135,25,"ICAR-IIWBR Karnal"
Wheat,PBW 343,germination,0,10,11,"PAU Ludhiana Agronomy Data"
Wheat,PBW 343,vegetative,11,40,30,"PAU Ludhiana Agronomy Data"
Wheat,PBW 343,flowering,41,70,30,"PAU Ludhiana Agronomy Data"
Wheat,PBW 343,fruiting,71,105,35,"PAU Ludhiana Agronomy Data"
Wheat,PBW 343,harvesting,106,130,25,"PAU Ludhiana Agronomy Data"
Sugarcane,Co 0238,germination,0,30,31,"ICAR-Sugarcane Breeding Institute Coimbatore"
Sugarcane,Co 0238,vegetative,31,150,120,"ICAR-Sugarcane Breeding Institute Coimbatore"
Sugarcane,Co 0238,flowering,151,240,90,"ICAR-Sugarcane Breeding Institute Coimbatore"
Sugarcane,Co 0238,fruiting,241,300,60,"ICAR-Sugarcane Breeding Institute Coimbatore"
Sugarcane,Co 0238,harvesting,301,360,60,"ICAR-Sugarcane Breeding Institute Coimbatore"
Sugarcane,Co 86032,germination,0,35,36,"ICAR-SBI Coimbatore"
Sugarcane,Co 86032,vegetative,36,160,125,"ICAR-SBI Coimbatore"
Sugarcane,Co 86032,flowering,161,250,90,"ICAR-SBI Coimbatore"
Sugarcane,Co 86032,fruiting,251,315,65,"ICAR-SBI Coimbatore"
Sugarcane,Co 86032,harvesting,316,365,50,"ICAR-SBI Coimbatore"
Cotton,Bt Cotton (RCH 2),germination,0,12,13,"ICAR-CICR Nagpur"
Cotton,Bt Cotton (RCH 2),vegetative,13,45,33,"ICAR-CICR Nagpur"
Cotton,Bt Cotton (RCH 2),flowering,46,80,35,"ICAR-CICR Nagpur"
Cotton,Bt Cotton (RCH 2),fruiting,81,130,50,"ICAR-CICR Nagpur"
Cotton,Bt Cotton (RCH 2),harvesting,131,165,35,"ICAR-CICR Nagpur"
