temperature,humidity,rainfall,wind_speed,crop_type,soil_type,area_acres,days_since_last_irrigation,prev_water_litres,irrigation_needed,crop_stress,recommended_water_l_m2
27.1,92.0,0.0,22.7,Banana,Sandy,1.98,7,372,1,Medium,21.4
33.5,36.2,0.0,21.3,Vegetables,Chalky,0.51,4,160,1,High,19.2
30.0,60.9,0.0,16.6,Tea,Sandy,0.94,2,363,0,Medium,0.0
29.8,70.5,0.0,24.6,Tea,Peat,4.78,1,387,0,Medium,0.0
37.9,68.8,0.0,11.3,Banana,Sandy,7.0,6,427,1,High,25.0
20.7,89.6,2.5,8.4,Pepper,Sandy,4.54,5,105,1,Medium,15.3
20.6,85.5,2.5,26.5,Vegetables,Silty,6.18,7,461,1,Medium,14.8
20.9,54.5,60.0,21.9,Tea,Peat,6.07,8,251,0,Low,0.0
31.5,51.6,8.0,23.3,Paddy,Clay,9.88,7,128,0,Medium,0.0
23.8,35.3,0.0,8.8,Coffee,Loam,8.01,4,489,1,High,11.4
22.2,86.8,60.0,14.8,Paddy,Chalky,3.59,2,171,0,Low,0.0
32.1,88.2,0.0,13.2,Tea,Chalky,8.56,4,217,1,High,10.9
24.9,37.4,35.0,14.3,Coconut,Silty,1.52,6,240,0,Low,0.0
26.0,65.5,15.0,7.3,Tea,Peat,5.63,3,12,0,Low,0.0
21.5,52.4,15.0,25.1,Coconut,Peat,3.31,4,133,0,Low,0.0
28.7,48.1,2.5,25.4,Rubber,Sandy,1.66,8,230,1,High,16.6
25.2,73.9,0.0,23.6,Paddy,Loam,0.57,7,410,1,Medium,17.7
24.2,42.2,2.5,9.9,Rubber,Chalky,2.58,7,232,1,High,11.6
21.2,50.2,2.5,10.0,Coconut,Loam,3.36,0,439,1,Medium,10.1
31.6,65.2,15.0,4.8,Coffee,Clay,6.53,1,52,0,Low,0.0
29.3,94.1,60.0,18.2,Tea,Loam,4.01,0,254,0,Low,0.0
35.3,63.2,0.0,19.2,Rubber,Clay,1.93,5,463,1,High,14.2
31.2,75.7,0.0,21.1,Tea,Loam,3.81,6,307,1,High,13.8
27.6,66.1,60.0,7.3,Pepper,Clay,1.58,6,414,0,Low,0.0
36.7,50.5,2.5,8.2,Coffee,Clay,5.41,0,1,1,High,18.0
38.3,68.5,60.0,19.2,Paddy,Clay,3.82,2,403,0,Low,0.0
36.9,81.8,60.0,24.4,Paddy,Silty,9.04,3,253,0,Low,0.0
20.2,41.1,0.0,27.4,Coconut,Chalky,5.71,5,162,1,High,12.6
24.3,77.7,0.0,15.9,Coffee,Silty,3.98,7,134,1,Medium,12.9
25.9,67.6,0.0,12.8,Tea,Chalky,2.82,5,229,1,Medium,11.6
36.9,72.9,0.0,12.4,Paddy,Silty,6.85,0,452,1,Medium,20.9
29.5,69.3,60.0,19.5,Paddy,Silty,9.43,4,5,0,Low,0.0
27.0,35.9,60.0,11.9,Vegetables,Peat,5.94,0,115,0,Low,0.0
25.6,58.1,35.0,10.4,Rubber,Sandy,5.79,5,57,0,Low,0.0
37.7,39.2,0.0,18.8,Vegetables,Sandy,2.91,9,385,1,High,22.3
36.1,43.2,15.0,12.6,Banana,Sandy,8.19,2,305,0,Low,0.0
36.5,89.8,0.0,4.1,Pepper,Peat,2.35,7,493,1,High,17.2
36.9,55.3,2.5,17.9,Coffee,Chalky,3.62,9,62,1,High,17.9
35.9,86.6,0.0,4.9,Vegetables,Chalky,5.6,4,480,1,High,21.3
25.2,92.9,35.0,6.0,Banana,Silty,4.41,2,310,0,Low,0.0
22.6,43.0,0.0,16.4,Vegetables,Loam,8.05,2,91,1,Medium,17.0
24.8,46.1,15.0,24.1,Paddy,Silty,4.39,9,121,0,Low,0.0
23.0,50.0,15.0,6.3,Paddy,Peat,3.16,6,191,0,Low,0.0
30.5,71.7,35.0,5.1,Coconut,Loam,7.7,8,284,0,Low,0.0
22.2,37.8,0.0,11.5,Vegetables,Silty,2.17,9,473,1,High,16.0
29.0,45.4,15.0,19.6,Coconut,Sandy,9.52,3,289,0,Low,0.0
25.0,35.9,0.0,16.1,Paddy,Peat,7.0,7,335,1,High,18.6
20.5,70.1,0.0,23.2,Pepper,Sandy,5.95,0,416,0,Medium,0.0
35.4,84.2,2.5,13.3,Paddy,Sandy,2.46,1,252,1,Medium,23.4
33.0,39.3,60.0,13.2,Coconut,Sandy,3.74,2,104,0,Low,0.0
29.4,76.6,0.0,19.1,Banana,Silty,4.47,8,163,1,Medium,16.7
34.3,83.4,0.0,21.6,Pepper,Sandy,2.88,7,150,1,High,20.7
36.3,60.7,8.0,21.8,Rubber,Clay,4.09,0,61,0,Low,0.0
29.4,58.4,8.0,25.5,Paddy,Silty,0.6,8,402,0,Low,0.0
21.7,54.2,15.0,20.2,Pepper,Loam,5.18,4,68,0,Low,0.0
25.6,54.7,0.0,9.1,Banana,Clay,1.58,4,41,1,High,19.9
38.9,38.4,0.0,25.3,Rubber,Loam,1.61,8,73,1,High,17.3
36.5,85.3,15.0,20.8,Coconut,Clay,8.31,9,193,0,Low,0.0
21.5,40.1,0.0,18.0,Banana,Clay,8.86,0,326,1,Medium,19.9
34.3,57.6,35.0,15.6,Pepper,Chalky,7.2,9,345,0,Medium,0.0
26.3,61.1,8.0,4.3,Pepper,Chalky,1.03,7,316,0,Low,0.0
35.6,79.7,0.0,18.0,Vegetables,Clay,4.06,0,408,1,Medium,21.5
24.2,92.8,2.5,27.5,Banana,Peat,3.57,5,212,1,Medium,20.0
21.4,68.2,2.5,5.8,Tea,Clay,2.56,0,372,0,Medium,0.0
33.2,58.1,35.0,5.1,Pepper,Sandy,9.53,7,357,0,Medium,0.0
28.7,72.2,60.0,8.1,Pepper,Sandy,4.19,1,27,0,Low,0.0
21.5,93.5,60.0,14.9,Tea,Clay,3.16,4,211,0,Low,0.0
31.5,51.3,8.0,25.9,Banana,Chalky,9.52,4,302,0,Medium,0.0
37.5,40.0,15.0,24.8,Banana,Peat,0.75,0,373,0,Low,0.0
35.4,94.2,0.0,13.0,Coconut,Clay,9.71,0,460,1,Medium,14.3
20.7,43.0,8.0,5.4,Vegetables,Silty,8.22,4,357,0,Low,0.0
37.4,70.1,8.0,26.7,Coconut,Loam,2.85,8,365,0,Low,0.0
24.8,51.5,2.5,9.5,Paddy,Sandy,3.9,7,38,1,High,21.7
29.9,81.3,0.0,11.4,Paddy,Chalky,9.7,8,400,1,Medium,16.5
20.5,80.3,8.0,19.3,Rubber,Loam,9.08,1,293,0,Low,0.0
31.6,73.2,35.0,14.5,Tea,Sandy,3.81,5,480,0,Low,0.0
34.9,58.8,35.0,16.6,Paddy,Peat,8.07,9,183,0,Medium,0.0
36.0,81.1,2.5,15.0,Coconut,Chalky,5.18,2,110,1,Medium,14.5
22.4,44.1,15.0,20.7,Pepper,Silty,3.78,2,351,0,Low,0.0
29.0,75.1,0.0,18.4,Rubber,Loam,8.31,1,91,0,Medium,0.0
26.6,36.9,15.0,6.9,Paddy,Silty,2.46,1,432,0,Low,0.0
29.6,76.4,0.0,6.2,Tea,Clay,7.03,7,349,1,Medium,10.6
27.2,35.2,2.5,23.3,Paddy,Loam,2.25,7,213,1,High,16.9
34.4,66.9,0.0,21.9,Vegetables,Loam,2.9,6,2,1,High,21.6
29.7,66.9,8.0,24.8,Vegetables,Loam,4.27,8,118,0,Low,0.0
27.2,36.2,0.0,24.2,Vegetables,Sandy,5.59,8,144,1,High,18.4
29.0,56.3,0.0,16.0,Tea,Silty,5.6,1,110,1,Medium,13.0
28.2,42.7,0.0,12.1,Pepper,Sandy,6.27,7,314,1,High,16.9
31.5,49.2,15.0,9.4,Vegetables,Silty,8.58,7,310,0,Medium,0.0
36.0,38.1,35.0,13.8,Pepper,Chalky,4.28,3,334,0,Medium,0.0
35.5,50.5,60.0,21.3,Vegetables,Clay,7.33,7,25,0,Medium,0.0
25.3,81.2,15.0,27.2,Pepper,Loam,2.4,3,112,0,Low,0.0
30.1,77.4,15.0,10.9,Banana,Chalky,1.97,3,332,0,Low,0.0
30.1,38.1,0.0,14.9,Banana,Sandy,9.9,7,129,1,High,19.4
22.6,35.2,0.0,18.3,Coffee,Chalky,4.41,0,68,1,Medium,13.3
38.3,42.5,60.0,27.8,Coconut,Silty,4.1,0,295,0,Low,0.0
33.7,37.9,8.0,7.4,Paddy,Peat,2.42,2,212,0,Low,0.0
23.5,49.1,15.0,16.6,Pepper,Clay,8.83,8,401,0,Low,0.0
35.5,61.3,15.0,25.6,Banana,Chalky,5.63,0,152,0,Low,0.0
26.8,58.5,0.0,17.0,Coffee,Loam,5.66,5,133,1,High,11.3
33.9,76.6,2.5,23.1,Banana,Clay,5.57,6,410,1,High,23.2
22.9,53.7,8.0,22.7,Paddy,Chalky,2.44,1,9,0,Low,0.0
29.4,80.3,15.0,23.7,Tea,Silty,4.84,3,183,0,Low,0.0
29.5,67.4,8.0,9.5,Pepper,Peat,7.34,2,242,0,Low,0.0
30.7,78.0,0.0,12.3,Rubber,Chalky,9.13,5,133,1,High,11.6
28.8,91.8,2.5,25.9,Coffee,Chalky,1.46,0,110,0,Medium,0.0
33.8,70.6,2.5,17.6,Pepper,Peat,9.26,7,126,1,High,14.6
30.9,71.4,15.0,5.9,Vegetables,Clay,9.29,6,256,0,Low,0.0
22.2,94.1,15.0,8.5,Tea,Clay,3.66,5,54,0,Low,0.0
24.3,71.5,35.0,5.3,Paddy,Sandy,8.13,4,153,0,Low,0.0
26.3,58.9,0.0,24.7,Vegetables,Sandy,4.92,1,346,1,Medium,18.8
24.3,62.1,0.0,10.0,Paddy,Silty,4.48,7,160,1,Medium,17.4
31.0,72.9,2.5,9.1,Paddy,Clay,9.63,0,147,1,Medium,17.7
21.6,94.8,0.0,11.2,Coffee,Peat,4.27,2,378,0,Medium,0.0
35.2,56.0,15.0,8.6,Banana,Peat,4.98,7,18,0,Medium,0.0
21.2,81.5,35.0,16.7,Vegetables,Silty,5.07,5,434,0,Low,0.0
22.9,45.9,8.0,5.8,Rubber,Sandy,3.07,1,379,0,Low,0.0
35.2,93.7,60.0,21.2,Banana,Clay,5.74,2,471,0,Low,0.0
23.7,65.3,60.0,6.5,Tea,Peat,2.2,0,91,0,Low,0.0
24.5,41.0,60.0,27.7,Coffee,Chalky,8.39,3,499,0,Low,0.0
32.7,47.3,35.0,11.8,Coconut,Sandy,1.31,6,84,0,Medium,0.0
20.5,45.9,2.5,19.4,Coconut,Sandy,9.15,4,403,1,High,14.3
35.7,56.8,35.0,10.4,Banana,Peat,4.39,8,225,0,Medium,0.0
36.4,48.2,0.0,22.3,Coffee,Clay,8.75,7,58,1,High,17.6
35.2,60.5,0.0,16.3,Paddy,Sandy,6.52,6,200,1,High,23.6
35.9,94.1,0.0,25.6,Coconut,Peat,0.67,1,127,1,Medium,14.5
31.0,51.4,0.0,13.7,Vegetables,Sandy,7.34,4,361,1,High,17.6
25.0,51.0,0.0,18.3,Pepper,Peat,6.82,6,393,1,High,13.7
28.0,58.0,0.0,14.1,Coconut,Silty,9.61,0,306,1,Medium,10.4
34.6,39.1,0.0,10.9,Coffee,Silty,7.33,6,231,1,High,16.3
29.0,74.8,15.0,7.2,Coffee,Clay,3.06,3,466,0,Low,0.0
31.3,38.1,15.0,26.9,Rubber,Sandy,6.42,1,72,0,Low,0.0
21.4,78.7,0.0,20.9,Coffee,Sandy,4.87,2,130,0,Medium,0.0
21.5,35.1,0.0,10.5,Coconut,Silty,3.93,0,444,1,Medium,13.2
33.1,66.3,2.5,17.0,Coffee,Loam,7.46,4,80,1,High,16.6
33.2,86.0,0.0,25.7,Pepper,Loam,9.88,9,46,1,High,14.2
31.2,95.0,0.0,17.6,Coconut,Chalky,1.64,6,136,1,High,10.8
22.2,60.3,8.0,15.4,Vegetables,Silty,8.52,1,442,0,Low,0.0
35.7,37.2,35.0,12.8,Pepper,Silty,5.07,2,292,0,Low,0.0
30.1,61.5,35.0,5.6,Tea,Clay,5.61,5,408,0,Low,0.0
34.0,66.2,8.0,18.8,Vegetables,Sandy,0.73,9,33,0,Low,0.0
20.4,87.5,8.0,13.2,Coffee,Loam,1.17,3,28,0,Low,0.0
34.6,59.1,8.0,15.5,Coffee,Silty,9.85,9,413,0,Medium,0.0
27.9,60.3,8.0,21.6,Paddy,Loam,4.94,7,157,0,Low,0.0
36.2,77.9,8.0,5.0,Paddy,Peat,9.88,8,398,0,Low,0.0
27.3,75.8,2.5,27.0,Banana,Peat,2.96,5,294,1,Medium,19.5
37.9,63.0,8.0,27.7,Tea,Silty,1.12,7,147,0,Low,0.0
35.9,48.8,0.0,16.3,Coconut,Loam,2.18,9,424,1,High,14.7
34.8,56.0,8.0,19.1,Tea,Clay,5.42,3,377,0,Medium,0.0
30.0,50.6,0.0,22.2,Vegetables,Clay,1.96,2,485,1,Medium,16.5
34.2,37.1,2.5,17.9,Coconut,Loam,8.84,2,122,1,High,14.5
36.9,92.3,2.5,4.9,Tea,Clay,5.73,1,471,1,Medium,15.0
20.1,76.7,60.0,15.9,Vegetables,Peat,2.59,4,460,0,Low,0.0
36.2,64.7,60.0,16.4,Rubber,Sandy,5.93,7,353,0,Low,0.0
30.3,86.9,0.0,25.1,Rubber,Silty,8.58,8,268,1,High,13.3
33.3,75.8,35.0,20.8,Pepper,Peat,8.87,9,248,0,Low,0.0
20.6,84.5,0.0,23.7,Banana,Chalky,9.13,1,355,0,Medium,0.0
30.6,80.4,2.5,4.2,Coffee,Peat,6.36,0,232,1,Medium,12.5
24.9,73.0,60.0,23.6,Coffee,Chalky,3.19,6,73,0,Low,0.0
28.2,85.4,2.5,19.2,Vegetables,Peat,1.47,3,403,1,Medium,16.8
21.3,53.1,0.0,22.5,Paddy,Sandy,5.0,5,473,1,High,19.3
36.2,94.4,35.0,27.3,Pepper,Loam,1.74,6,28,0,Low,0.0
20.4,54.4,35.0,23.7,Rubber,Sandy,0.51,1,429,0,Low,0.0
28.9,91.7,0.0,14.8,Tea,Peat,7.09,3,287,1,Medium,10.3
32.9,74.3,0.0,24.8,Vegetables,Silty,0.8,4,302,1,High,15.7
32.1,58.9,0.0,14.6,Rubber,Clay,3.55,5,14,1,High,13.0
23.8,87.1,60.0,12.8,Tea,Silty,5.0,7,59,0,Low,0.0
23.5,87.1,8.0,7.7,Rubber,Chalky,5.54,6,386,0,Low,0.0
35.1,52.7,60.0,26.1,Rubber,Silty,8.07,8,221,0,Medium,0.0
22.2,42.5,2.5,9.9,Paddy,Chalky,2.64,5,116,1,High,18.4
28.2,94.1,0.0,4.3,Coconut,Chalky,4.23,5,31,1,Medium,12.6
34.4,92.2,0.0,5.0,Vegetables,Loam,1.5,0,75,1,Medium,21.9
22.7,64.9,15.0,9.0,Paddy,Sandy,7.87,1,352,0,Low,0.0
29.8,40.3,8.0,6.0,Banana,Silty,3.9,6,193,0,Low,0.0
38.6,47.1,0.0,23.2,Coconut,Sandy,2.09,0,359,1,High,19.5
33.4,36.9,15.0,18.8,Tea,Clay,7.24,7,327,0,Medium,0.0
33.6,83.1,15.0,18.7,Tea,Loam,9.0,3,389,0,Low,0.0
35.5,62.1,0.0,5.0,Pepper,Sandy,4.67,1,11,1,Medium,18.0
23.0,87.3,0.0,11.9,Vegetables,Silty,7.57,6,308,1,Medium,16.6
29.5,68.3,0.0,19.7,Banana,Clay,5.19,9,242,1,Medium,18.7
21.4,36.8,0.0,24.2,Paddy,Chalky,9.63,9,444,1,High,19.4
31.9,79.1,15.0,27.7,Coffee,Sandy,8.74,8,419,0,Low,0.0
20.6,58.7,2.5,25.0,Coconut,Silty,4.51,9,242,1,High,12.4
37.3,47.6,8.0,15.2,Banana,Clay,1.75,7,99,0,Medium,0.0
37.3,45.8,2.5,12.9,Coconut,Peat,8.62,8,317,1,High,14.4
27.7,70.6,35.0,12.6,Coconut,Chalky,6.7,8,27,0,Low,0.0
24.9,74.4,35.0,18.1,Pepper,Silty,9.71,9,194,0,Low,0.0
28.4,54.9,8.0,12.1,Vegetables,Clay,4.59,3,263,0,Low,0.0
31.7,77.4,60.0,12.6,Pepper,Clay,6.25,4,203,0,Low,0.0
29.0,85.7,2.5,14.7,Tea,Chalky,2.46,3,369,1,Medium,13.9
22.3,48.9,0.0,4.9,Tea,Loam,4.8,4,58,1,High,11.3
29.6,37.5,0.0,13.5,Coconut,Loam,0.55,1,216,1,Medium,12.6
36.5,62.3,35.0,16.5,Tea,Silty,5.56,6,383,0,Low,0.0
22.5,43.6,0.0,8.8,Tea,Sandy,2.29,6,263,1,High,13.6
24.5,92.8,35.0,20.6,Tea,Sandy,4.06,1,465,0,Low,0.0
31.7,87.1,60.0,22.4,Rubber,Clay,7.05,0,0,0,Low,0.0
24.1,74.5,8.0,20.0,Paddy,Sandy,3.81,1,497,0,Low,0.0
31.5,54.1,0.0,13.8,Coffee,Peat,7.93,8,458,1,High,13.5
27.7,54.6,15.0,14.5,Coconut,Sandy,8.84,6,338,0,Low,0.0
36.5,57.5,15.0,17.1,Paddy,Peat,3.58,9,198,0,Medium,0.0
30.7,57.8,8.0,14.8,Paddy,Clay,4.72,5,473,0,Medium,0.0
31.2,45.1,15.0,18.9,Vegetables,Clay,4.11,9,327,0,Medium,0.0
29.9,63.8,8.0,23.5,Paddy,Silty,1.92,4,462,0,Low,0.0
30.1,71.5,60.0,17.2,Vegetables,Sandy,7.3,4,406,0,Low,0.0
28.2,88.8,8.0,25.6,Paddy,Silty,9.31,3,276,0,Low,0.0
29.1,46.7,15.0,15.7,Coffee,Peat,3.21,2,135,0,Low,0.0
25.9,71.6,0.0,13.6,Banana,Silty,8.32,6,350,1,Medium,19.4
35.2,46.1,35.0,6.6,Coconut,Peat,2.94,3,83,0,Medium,0.0
29.2,83.4,0.0,13.0,Banana,Sandy,1.57,6,405,1,Medium,22.3
36.8,48.7,0.0,19.5,Coffee,Sandy,3.93,9,71,1,High,20.1
30.6,50.3,2.5,10.6,Rubber,Silty,4.53,9,344,1,High,10.4
31.9,62.1,0.0,7.7,Paddy,Loam,8.76,0,118,1,Medium,18.1
23.4,53.7,0.0,18.6,Coffee,Loam,2.7,8,253,1,High,10.6
25.2,70.8,0.0,13.7,Vegetables,Peat,7.32,0,458,0,Medium,0.0
38.8,42.7,0.0,18.5,Vegetables,Sandy,9.1,3,231,1,High,23.6
31.3,59.1,0.0,9.4,Paddy,Silty,4.7,1,443,1,High,19.2
24.4,67.4,15.0,18.2,Rubber,Chalky,2.69,9,258,0,Low,0.0
23.6,38.1,2.5,19.9,Paddy,Loam,7.44,3,263,1,High,18.3
21.7,92.7,8.0,20.6,Paddy,Sandy,1.42,8,54,0,Low,0.0
34.4,55.9,2.5,27.5,Rubber,Chalky,2.73,2,103,1,High,14.1
34.0,81.1,0.0,24.2,Banana,Silty,6.42,1,455,1,Medium,23.0
22.4,84.6,15.0,7.8,Banana,Chalky,1.62,6,113,0,Low,0.0
26.5,57.9,0.0,26.5,Paddy,Clay,3.4,3,189,1,High,17.8
31.4,65.9,0.0,22.9,Tea,Chalky,5.88,3,489,1,High,12.0
27.5,67.4,8.0,13.1,Coffee,Sandy,8.75,5,66,0,Low,0.0
35.0,53.3,0.0,11.7,Rubber,Sandy,1.96,2,465,1,High,20.8
30.9,91.0,0.0,7.2,Vegetables,Clay,9.27,0,109,1,Medium,17.6
35.8,54.1,0.0,13.6,Paddy,Peat,3.99,7,404,1,High,20.1
22.6,92.8,2.5,22.6,Coffee,Silty,3.46,3,145,1,Medium,11.1
36.2,35.0,0.0,18.9,Pepper,Loam,4.17,4,466,1,High,14.8
24.0,64.1,0.0,5.4,Coffee,Clay,4.59,8,98,1,Medium,10.3
34.9,50.9,35.0,20.6,Pepper,Clay,5.34,6,39,0,Medium,0.0
35.5,71.9,2.5,8.2,Pepper,Silty,8.56,1,62,1,Medium,17.2
27.7,74.2,0.0,12.8,Pepper,Chalky,8.36,4,85,1,Medium,13.9
24.7,43.0,8.0,4.5,Tea,Peat,7.72,9,375,0,Low,0.0
30.2,47.9,8.0,24.0,Banana,Peat,2.39,4,172,0,Medium,0.0
20.8,57.3,0.0,17.2,Tea,Peat,8.52,6,116,1,High,12.0
22.9,54.5,2.5,19.6,Rubber,Clay,6.33,5,41,1,High,13.1
36.9,92.3,0.0,19.8,Paddy,Clay,8.18,0,9,1,Medium,23.7
24.8,81.9,2.5,19.3,Coconut,Loam,4.78,0,78,0,Medium,0.0
36.9,62.0,8.0,7.6,Coffee,Silty,5.37,4,7,0,Low,0.0
20.8,40.1,0.0,19.8,Rubber,Loam,0.62,4,147,1,High,13.0
26.7,52.8,0.0,27.3,Rubber,Loam,2.26,9,260,1,High,12.2
35.8,39.1,0.0,4.5,Coffee,Silty,9.04,7,255,1,High,14.9
38.5,75.0,0.0,6.9,Vegetables,Silty,7.86,8,216,1,High,20.1
20.8,93.1,8.0,7.0,Rubber,Sandy,6.22,4,159,0,Low,0.0
34.2,83.7,2.5,7.8,Coconut,Clay,9.32,6,456,1,High,15.5
28.2,61.4,0.0,7.9,Pepper,Chalky,9.32,2,173,0,Medium,0.0
20.2,94.5,0.0,23.6,Tea,Clay,2.96,1,148,0,Medium,0.0
34.3,62.6,60.0,22.0,Vegetables,Silty,1.01,5,149,0,Low,0.0
38.7,91.2,8.0,21.5,Coconut,Peat,7.01,3,282,0,Low,0.0
38.3,64.3,35.0,24.2,Banana,Chalky,5.65,0,183,0,Low,0.0
31.6,41.4,35.0,20.5,Tea,Silty,6.54,4,110,0,Medium,0.0
23.1,68.5,60.0,9.9,Banana,Loam,9.92,7,482,0,Low,0.0
27.6,83.0,0.0,11.5,Banana,Chalky,6.35,1,424,0,Medium,0.0
27.1,67.3,2.5,4.1,Coconut,Sandy,0.84,0,461,0,Medium,0.0
23.8,92.5,0.0,20.3,Coffee,Loam,8.5,5,311,1,Medium,12.0
22.4,58.1,2.5,21.3,Coffee,Chalky,6.13,4,229,1,High,11.7
33.2,35.2,15.0,8.0,Pepper,Clay,4.18,0,118,0,Low,0.0
36.6,65.6,0.0,5.6,Coffee,Sandy,5.83,3,375,1,High,19.4
32.9,83.3,35.0,4.6,Rubber,Clay,6.55,2,405,0,Low,0.0
33.2,79.8,0.0,21.0,Tea,Silty,5.41,3,349,1,High,15.3
28.2,40.3,2.5,5.5,Pepper,Loam,7.78,8,117,1,High,12.6
28.0,73.2,60.0,8.3,Tea,Chalky,9.92,6,136,0,Low,0.0
38.1,47.2,2.5,12.7,Coconut,Loam,0.75,0,349,1,High,17.3
25.2,66.1,8.0,22.8,Rubber,Sandy,8.6,9,498,0,Low,0.0
27.2,62.7,2.5,23.3,Coconut,Peat,7.21,9,259,1,Medium,10.2
37.2,89.6,60.0,21.5,Vegetables,Clay,2.01,8,30,0,Low,0.0
37.5,63.3,8.0,5.7,Pepper,Sandy,3.18,6,162,0,Low,0.0
25.2,82.2,0.0,10.5,Vegetables,Sandy,8.53,5,43,1,Medium,17.6
36.2,37.8,0.0,25.8,Paddy,Peat,5.56,0,474,1,High,21.4
37.1,36.3,60.0,17.2,Coffee,Peat,1.0,7,383,0,Medium,0.0
31.9,64.7,8.0,10.2,Rubber,Sandy,2.32,0,402,0,Low,0.0
25.9,91.8,2.5,12.4,Paddy,Clay,1.94,3,382,1,Medium,17.0
36.2,68.7,0.0,27.5,Banana,Sandy,4.34,8,422,1,High,25.8
30.3,39.9,15.0,24.3,Coconut,Peat,1.84,5,111,0,Medium,0.0
24.1,40.9,60.0,13.9,Banana,Chalky,3.26,7,293,0,Low,0.0
35.3,62.6,60.0,23.1,Paddy,Peat,2.06,3,365,0,Low,0.0
34.3,36.1,60.0,25.1,Vegetables,Silty,8.77,8,167,0,Medium,0.0
38.7,81.3,35.0,17.3,Coffee,Chalky,3.76,0,41,0,Low,0.0
29.5,41.3,2.5,14.8,Rubber,Sandy,1.39,4,306,1,High,13.8
23.5,40.6,2.5,23.0,Pepper,Peat,6.53,6,392,1,High,11.6
37.4,67.0,0.0,14.7,Vegetables,Silty,2.08,2,364,1,Medium,21.6
25.3,94.0,0.0,18.4,Tea,Peat,7.46,4,259,1,Medium,13.2
38.4,86.4,0.0,23.3,Vegetables,Clay,4.47,6,20,1,High,20.9
26.1,94.8,0.0,14.3,Tea,Loam,7.03,2,352,0,Medium,0.0
20.6,84.4,0.0,5.9,Banana,Loam,2.28,8,371,1,Medium,19.7
22.1,80.6,0.0,15.3,Tea,Silty,4.86,4,215,1,Medium,12.0
35.7,55.1,0.0,9.9,Pepper,Sandy,1.46,4,162,1,High,17.6
26.6,62.0,0.0,18.7,Tea,Chalky,7.51,2,288,0,Medium,0.0
22.4,75.6,0.0,11.6,Coffee,Silty,6.98,5,200,1,Medium,12.6
38.8,39.4,60.0,19.4,Pepper,Sandy,5.37,5,142,0,Medium,0.0
24.0,37.0,8.0,13.8,Pepper,Chalky,9.08,0,38,0,Low,0.0
35.3,38.5,35.0,10.2,Paddy,Chalky,6.87,6,442,0,Medium,0.0
22.1,61.8,15.0,9.4,Banana,Chalky,4.11,3,368,0,Low,0.0
20.8,79.4,0.0,27.2,Vegetables,Clay,3.28,2,386,0,Medium,0.0
34.3,83.3,2.5,27.6,Vegetables,Clay,3.4,6,120,1,High,19.1
36.6,41.8,15.0,6.9,Pepper,Clay,2.8,0,375,0,Low,0.0
25.4,84.5,8.0,11.1,Rubber,Chalky,7.56,3,67,0,Low,0.0
36.7,87.6,8.0,18.2,Paddy,Peat,8.46,2,266,0,Low,0.0
38.9,86.3,35.0,19.8,Coffee,Silty,2.59,0,200,0,Low,0.0
37.3,75.2,0.0,5.6,Coffee,Clay,0.74,6,430,1,High,14.3
37.3,62.9,35.0,18.4,Coconut,Silty,4.71,7,20,0,Low,0.0
32.0,70.5,8.0,19.4,Tea,Silty,1.49,5,75,0,Low,0.0
29.3,74.1,0.0,10.5,Rubber,Clay,5.31,6,421,1,Medium,10.3
24.8,56.7,2.5,18.5,Rubber,Loam,3.13,0,440,1,Medium,11.3
29.2,46.8,0.0,14.7,Pepper,Clay,5.41,5,48,1,High,10.0
24.2,37.2,2.5,10.8,Tea,Peat,4.67,9,362,1,High,10.2
25.3,84.0,0.0,18.8,Coffee,Peat,3.78,6,182,1,Medium,13.5
29.4,77.1,0.0,14.8,Tea,Chalky,2.07,7,107,1,Medium,12.9
36.8,75.3,8.0,18.6,Coffee,Clay,8.33,6,475,0,Low,0.0
35.6,35.1,0.0,4.1,Vegetables,Peat,8.38,0,174,1,High,21.5
24.9,74.9,0.0,14.9,Coconut,Peat,1.65,7,83,1,Medium,13.6
27.7,54.3,0.0,26.6,Tea,Peat,6.95,1,306,1,Medium,12.4
20.2,73.2,15.0,6.8,Tea,Silty,2.13,5,154,0,Low,0.0
34.1,66.8,0.0,16.8,Coffee,Sandy,0.61,2,234,1,Medium,18.9
31.0,37.6,8.0,23.4,Tea,Clay,7.43,8,293,0,Medium,0.0
36.1,76.5,0.0,13.7,Banana,Clay,3.41,9,29,1,High,21.8
35.2,84.3,2.5,17.9,Paddy,Loam,6.03,9,312,1,High,20.1
27.5,66.5,0.0,8.0,Banana,Silty,0.93,0,192,0,Medium,0.0
38.0,55.4,0.0,19.5,Pepper,Loam,3.74,0,368,1,High,16.7
31.5,56.9,2.5,17.9,Vegetables,Clay,1.5,0,364,1,High,17.9
24.3,93.6,0.0,27.1,Pepper,Sandy,0.87,5,362,1,Medium,14.6
23.0,36.4,0.0,7.5,Banana,Chalky,1.74,9,124,1,High,17.5
27.1,63.4,15.0,18.5,Pepper,Clay,9.85,3,400,0,Low,0.0
27.3,55.4,2.5,27.5,Paddy,Clay,5.56,5,308,1,High,19.3
28.4,53.1,60.0,21.0,Coconut,Clay,5.32,4,299,0,Low,0.0
35.8,67.7,0.0,17.9,Coffee,Peat,4.72,1,138,1,Medium,14.8
34.9,79.1,0.0,19.0,Paddy,Sandy,4.88,6,340,1,High,23.6
36.2,77.7,15.0,9.5,Coffee,Loam,9.14,5,172,0,Low,0.0
28.7,37.3,15.0,23.0,Pepper,Peat,8.05,3,424,0,Low,0.0
36.7,91.6,0.0,26.8,Coconut,Silty,5.09,5,182,1,High,15.5
25.4,47.2,60.0,14.6,Rubber,Loam,9.23,2,241,0,Low,0.0
33.8,88.7,0.0,13.8,Rubber,Silty,8.16,2,47,1,Medium,18.0
21.1,35.2,0.0,24.3,Coffee,Loam,3.46,2,442,1,Medium,10.1
38.5,48.2,35.0,4.5,Coffee,Chalky,7.03,2,53,0,Low,0.0
30.0,73.0,8.0,12.6,Coconut,Clay,3.15,7,285,0,Low,0.0
38.2,35.5,0.0,8.8,Coconut,Clay,1.35,6,66,1,High,17.0
35.8,79.4,8.0,4.1,Coffee,Peat,8.31,8,126,0,Low,0.0
36.8,77.0,35.0,6.1,Paddy,Sandy,1.24,3,413,0,Low,0.0
20.5,53.4,60.0,6.7,Pepper,Peat,9.5,1,44,0,Low,0.0
38.1,66.4,60.0,20.4,Paddy,Sandy,8.05,5,187,0,Low,0.0
22.8,77.6,60.0,11.1,Pepper,Sandy,3.17,7,214,0,Low,0.0
37.7,59.3,0.0,4.5,Tea,Peat,8.5,0,232,1,High,14.9
20.6,47.9,0.0,19.5,Vegetables,Clay,7.34,9,9,1,High,17.3
30.5,73.2,0.0,9.8,Pepper,Chalky,8.31,7,334,1,High,12.2
29.9,43.6,35.0,21.3,Pepper,Chalky,8.88,7,353,0,Low,0.0
33.7,51.3,0.0,11.6,Tea,Clay,5.36,9,273,1,High,15.1
33.4,38.8,0.0,15.2,Vegetables,Peat,9.43,8,64,1,High,18.5
30.7,87.0,2.5,22.9,Tea,Loam,4.62,0,197,1,Medium,11.5
38.3,40.4,0.0,5.0,Banana,Clay,9.34,8,119,1,High,22.7
22.6,50.3,0.0,20.0,Paddy,Silty,1.73,3,430,1,High,19.8
25.1,63.5,0.0,19.5,Coconut,Clay,3.92,6,27,1,Medium,13.5
29.0,41.7,60.0,12.8,Pepper,Clay,1.0,8,12,0,Low,0.0
27.9,84.3,35.0,21.3,Paddy,Clay,8.76,5,439,0,Low,0.0
32.3,82.8,35.0,18.6,Coconut,Clay,1.8,6,291,0,Low,0.0
34.0,53.9,2.5,5.3,Pepper,Chalky,2.39,3,20,1,High,15.1
27.0,38.5,15.0,22.8,Banana,Silty,1.45,9,45,0,Low,0.0
24.6,89.7,0.0,4.5,Pepper,Chalky,4.43,8,386,1,Medium,11.6
30.1,70.7,60.0,21.4,Paddy,Silty,0.9,9,229,0,Low,0.0
34.5,62.3,60.0,22.6,Coffee,Silty,9.77,5,180,0,Low,0.0
21.5,58.0,0.0,6.9,Vegetables,Peat,3.75,6,441,1,High,14.9
32.2,69.2,60.0,11.2,Pepper,Peat,9.75,2,456,0,Low,0.0
30.4,84.8,35.0,22.7,Coffee,Peat,4.28,3,103,0,Low,0.0
21.2,48.7,0.0,18.5,Banana,Silty,5.0,9,3,1,High,19.8
37.9,82.1,60.0,19.6,Rubber,Silty,7.88,0,58,0,Low,0.0
33.8,72.2,0.0,18.9,Coconut,Loam,5.99,4,455,1,High,16.5
27.4,75.4,0.0,23.4,Tea,Silty,3.7,5,187,1,Medium,12.2
21.2,76.4,0.0,7.5,Banana,Silty,6.49,7,53,1,Medium,17.7
25.7,80.7,60.0,16.0,Banana,Chalky,1.22,5,61,0,Low,0.0
35.3,62.6,0.0,8.3,Tea,Chalky,5.83,5,92,1,High,15.9
37.1,75.5,0.0,27.5,Banana,Sandy,8.61,5,168,1,High,23.8
38.1,94.7,60.0,26.9,Vegetables,Clay,2.58,4,88,0,Low,0.0
37.5,45.6,15.0,18.9,Coconut,Chalky,2.31,2,284,0,Low,0.0
37.3,91.6,0.0,13.5,Coffee,Sandy,9.69,7,140,1,High,20.4
34.7,53.6,15.0,19.4,Tea,Clay,2.05,7,241,0,Medium,0.0
34.7,64.9,0.0,24.0,Pepper,Peat,4.08,9,254,1,High,16.5
24.2,54.3,0.0,16.4,Coffee,Loam,2.91,8,348,1,High,11.9
32.6,42.1,0.0,7.7,Tea,Loam,9.57,0,159,1,High,12.1
29.1,73.1,2.5,22.1,Rubber,Loam,9.53,9,205,1,Medium,12.5
38.9,58.2,8.0,12.6,Pepper,Clay,2.78,9,153,0,Medium,0.0
37.4,41.1,0.0,24.2,Paddy,Clay,2.67,0,400,1,High,20.6
32.9,48.5,2.5,18.0,Rubber,Loam,4.56,9,370,1,High,11.1
26.7,88.6,35.0,24.3,Banana,Peat,7.75,6,361,0,Low,0.0
36.9,67.7,8.0,18.2,Paddy,Loam,6.14,8,474,0,Low,0.0
21.3,91.4,8.0,15.0,Tea,Loam,8.44,3,481,0,Low,0.0
34.7,56.2,2.5,7.6,Paddy,Clay,5.62,7,115,1,High,21.7
20.7,42.7,15.0,16.8,Banana,Clay,1.08,5,356,0,Low,0.0
33.7,47.0,35.0,11.3,Banana,Silty,2.69,2,341,0,Low,0.0
33.9,93.0,15.0,21.6,Pepper,Clay,8.56,6,313,0,Low,0.0
25.8,54.5,0.0,10.1,Rubber,Chalky,1.69,5,227,1,High,13.9
34.3,58.6,8.0,7.6,Coffee,Loam,4.44,9,201,0,Medium,0.0
20.4,51.1,15.0,18.0,Rubber,Sandy,5.08,0,323,0,Low,0.0
38.0,72.9,0.0,22.2,Vegetables,Clay,5.38,8,50,1,High,19.5
37.7,84.7,60.0,8.3,Tea,Loam,8.13,6,377,0,Low,0.0
33.9,86.7,0.0,4.7,Paddy,Peat,1.85,5,261,1,High,22.7
23.0,42.1,0.0,21.4,Tea,Peat,9.5,0,336,1,Medium,11.5
23.1,82.2,60.0,25.8,Paddy,Loam,7.93,2,487,0,Low,0.0
35.2,72.0,0.0,14.5,Pepper,Loam,5.26,5,376,1,High,16.1
30.3,60.8,8.0,21.2,Vegetables,Peat,9.63,2,146,0,Low,0.0
27.5,42.9,0.0,23.4,Tea,Silty,6.44,1,375,1,Medium,13.3
29.5,39.3,15.0,19.0,Rubber,Sandy,8.41,2,178,0,Low,0.0
20.2,75.4,2.5,8.5,Pepper,Chalky,4.21,4,282,1,Medium,11.6
37.8,60.8,2.5,13.7,Vegetables,Loam,3.88,1,367,1,Medium,19.3
32.9,39.3,15.0,13.0,Pepper,Clay,6.6,5,390,0,Medium,0.0
32.0,46.9,0.0,22.8,Banana,Silty,3.14,1,318,1,High,17.7
38.6,39.1,8.0,27.5,Coconut,Chalky,5.7,8,452,0,Medium,0.0
23.6,69.9,0.0,12.3,Pepper,Loam,6.25,1,344,0,Medium,0.0
34.1,72.8,60.0,19.8,Vegetables,Sandy,6.23,6,218,0,Low,0.0
21.4,92.1,0.0,14.3,Pepper,Silty,4.85,2,366,0,Medium,0.0
30.5,73.5,15.0,27.2,Tea,Loam,6.92,0,351,0,Low,0.0
31.6,53.8,2.5,10.0,Coconut,Peat,2.15,2,153,1,High,11.8
31.6,47.8,0.0,25.2,Rubber,Chalky,6.44,8,492,1,High,11.6
20.3,70.0,0.0,17.0,Rubber,Clay,2.59,8,236,1,Medium,12.5
34.0,47.9,15.0,6.4,Coconut,Loam,4.62,2,243,0,Low,0.0
34.2,89.9,2.5,24.7,Pepper,Peat,5.37,9,402,1,High,16.4
31.7,73.3,0.0,20.8,Banana,Clay,8.27,3,46,1,High,16.1
26.8,35.9,0.0,9.9,Coffee,Loam,4.86,2,317,1,Medium,12.4
32.8,39.9,60.0,12.0,Coconut,Chalky,4.14,3,442,0,Medium,0.0
25.4,82.2,0.0,18.8,Paddy,Loam,5.45,2,493,0,Medium,0.0
27.1,90.2,15.0,23.2,Tea,Clay,8.72,0,181,0,Low,0.0
36.3,37.1,0.0,14.9,Banana,Sandy,2.86,5,167,1,High,24.8
32.3,91.2,2.5,14.1,Tea,Chalky,7.96,9,184,1,High,10.8
31.2,59.5,0.0,15.8,Pepper,Silty,1.5,6,2,1,High,11.6
32.4,50.6,15.0,6.7,Banana,Peat,7.97,4,241,0,Medium,0.0
36.8,83.8,2.5,14.7,Pepper,Peat,0.58,7,233,1,High,16.1
26.8,56.2,2.5,24.9,Banana,Chalky,9.18,4,35,1,High,18.5
27.1,51.3,60.0,25.0,Banana,Peat,4.23,2,108,0,Low,0.0
29.6,46.6,15.0,23.1,Tea,Clay,3.78,2,413,0,Low,0.0
28.3,71.6,8.0,15.0,Tea,Peat,7.36,3,494,0,Low,0.0
29.3,60.8,35.0,4.0,Coconut,Peat,7.46,1,93,0,Low,0.0
23.1,40.0,0.0,13.9,Coffee,Sandy,8.88,9,137,1,High,15.5
31.1,42.1,0.0,18.6,Vegetables,Chalky,3.04,5,398,1,High,17.0
30.9,94.2,0.0,14.0,Vegetables,Clay,5.64,9,423,1,High,16.8
23.3,65.0,0.0,17.1,Paddy,Sandy,0.71,0,244,0,Medium,0.0
22.2,55.2,60.0,27.5,Paddy,Peat,4.22,0,450,0,Low,0.0
23.9,65.5,8.0,22.6,Vegetables,Clay,8.64,2,206,0,Low,0.0
36.8,48.3,0.0,10.1,Paddy,Chalky,7.37,7,311,1,High,23.3
35.6,85.6,0.0,7.1,Vegetables,Clay,5.55,2,146,1,Medium,21.4
36.8,63.0,8.0,13.8,Paddy,Sandy,9.07,1,223,0,Low,0.0
20.8,63.8,35.0,17.0,Pepper,Silty,5.68,0,172,0,Low,0.0
28.6,65.8,15.0,14.4,Coffee,Peat,5.81,2,338,0,Low,0.0
21.3,78.8,60.0,5.6,Vegetables,Silty,4.91,3,330,0,Low,0.0
32.5,77.5,0.0,13.1,Coconut,Chalky,8.5,8,347,1,High,12.5
21.8,41.2,60.0,5.6,Coffee,Clay,6.05,4,367,0,Low,0.0
34.3,83.2,0.0,22.2,Rubber,Peat,2.47,6,91,1,High,14.8
36.9,80.0,0.0,10.2,Tea,Loam,4.62,9,291,1,High,17.4
30.3,80.5,2.5,15.4,Banana,Loam,3.07,7,103,1,High,17.3
24.6,47.9,15.0,24.8,Coconut,Silty,7.58,0,217,0,Low,0.0
33.2,58.0,0.0,14.8,Vegetables,Clay,3.08,5,238,1,High,20.5
34.2,48.5,15.0,10.5,Pepper,Peat,7.1,3,390,0,Medium,0.0
25.0,74.7,35.0,23.7,Coffee,Chalky,7.97,9,356,0,Low,0.0
34.2,44.0,60.0,4.7,Tea,Chalky,0.82,4,95,0,Medium,0.0
24.6,68.4,60.0,24.6,Coffee,Chalky,4.58,7,231,0,Low,0.0
34.0,61.2,8.0,23.8,Coconut,Loam,8.22,5,175,0,Low,0.0
35.7,89.2,8.0,22.0,Coffee,Peat,8.65,2,350,0,Low,0.0
20.8,59.7,0.0,27.1,Rubber,Loam,8.57,5,458,1,High,10.1
21.5,53.7,15.0,4.3,Vegetables,Sandy,7.21,3,415,0,Low,0.0
22.5,65.7,0.0,17.5,Coffee,Peat,8.71,9,338,1,Medium,12.3
38.8,80.4,0.0,20.2,Banana,Loam,6.0,2,342,1,Medium,23.7
37.7,55.5,8.0,19.2,Banana,Loam,4.71,1,387,0,Low,0.0
36.4,62.7,15.0,18.2,Rubber,Loam,8.41,6,181,0,Low,0.0
27.1,91.5,8.0,19.2,Tea,Clay,6.62,8,488,0,Low,0.0
21.3,68.3,0.0,19.3,Pepper,Clay,2.2,5,213,1,Medium,12.3
28.6,91.9,0.0,4.5,Coffee,Clay,6.29,7,117,1,Medium,12.7
37.3,73.3,0.0,13.6,Banana,Sandy,5.94,5,321,1,High,26.7
31.1,70.6,60.0,18.3,Pepper,Peat,4.52,0,127,0,Low,0.0
31.7,49.8,15.0,19.8,Tea,Peat,9.77,7,431,0,Medium,0.0
27.1,83.0,60.0,23.3,Rubber,Loam,0.79,9,464,0,Low,0.0
31.8,93.4,60.0,26.6,Banana,Chalky,1.72,6,308,0,Low,0.0
38.5,84.0,60.0,25.4,Banana,Loam,5.74,1,433,0,Low,0.0
27.9,45.1,0.0,15.3,Vegetables,Sandy,1.21,4,83,1,High,20.9
34.4,93.1,60.0,4.2,Tea,Loam,3.6,7,92,0,Low,0.0
24.4,42.8,35.0,12.8,Pepper,Peat,3.37,3,100,0,Low,0.0
23.2,88.9,0.0,12.2,Tea,Chalky,5.1,6,10,1,Medium,12.3
35.3,43.2,15.0,22.7,Coffee,Chalky,3.46,6,144,0,Medium,0.0
28.4,94.1,0.0,23.7,Coconut,Peat,4.48,8,277,1,Medium,12.9
30.9,75.0,60.0,19.9,Coconut,Peat,9.9,8,39,0,Low,0.0
27.1,46.7,0.0,15.3,Paddy,Silty,5.09,2,443,1,Medium,17.4
36.3,59.4,35.0,20.8,Rubber,Clay,5.38,7,396,0,Medium,0.0
36.9,84.1,15.0,17.6,Paddy,Silty,5.15,5,131,0,Low,0.0
38.4,90.9,8.0,19.9,Vegetables,Chalky,8.62,4,221,0,Low,0.0
36.2,64.4,15.0,23.8,Vegetables,Peat,5.98,6,71,0,Low,0.0
27.1,82.1,60.0,23.1,Rubber,Loam,3.71,4,189,0,Low,0.0
38.8,36.5,35.0,9.2,Coconut,Silty,2.87,5,387,0,Medium,0.0
20.0,87.2,0.0,5.3,Pepper,Peat,2.7,3,480,1,Medium,12.2
23.8,52.6,60.0,26.1,Banana,Chalky,6.29,9,110,0,Low,0.0
37.3,63.1,0.0,22.5,Banana,Sandy,7.72,0,285,1,Medium,27.0
34.6,58.9,15.0,15.4,Rubber,Peat,7.75,6,336,0,Medium,0.0
29.7,71.9,0.0,15.2,Pepper,Peat,0.98,3,413,1,Medium,12.2
28.3,85.4,0.0,23.1,Rubber,Sandy,2.55,0,236,0,Medium,0.0
22.1,71.5,60.0,26.1,Pepper,Clay,6.3,9,189,0,Low,0.0
21.1,69.1,35.0,22.5,Coffee,Sandy,6.94,4,423,0,Low,0.0
37.7,58.2,0.0,11.6,Banana,Loam,5.48,8,432,1,High,20.9
26.6,36.8,0.0,11.1,Coffee,Loam,6.55,0,5,1,Medium,12.7
26.0,85.9,35.0,18.4,Pepper,Silty,3.83,0,298,0,Low,0.0
26.5,62.3,0.0,21.2,Paddy,Silty,6.42,2,185,0,Medium,0.0
25.3,43.5,60.0,14.6,Paddy,Sandy,3.76,7,96,0,Low,0.0
37.8,46.1,60.0,14.9,Vegetables,Silty,2.07,7,75,0,Medium,0.0
25.2,55.5,8.0,14.7,Coconut,Loam,2.84,5,489,0,Low,0.0
37.2,73.9,60.0,17.9,Rubber,Peat,1.59,0,270,0,Low,0.0
28.8,86.9,2.5,13.9,Coconut,Sandy,9.01,6,131,1,Medium,14.3
33.1,51.3,0.0,21.5,Rubber,Sandy,6.24,3,432,1,High,20.3
23.3,64.1,2.5,10.9,Tea,Sandy,3.35,3,462,1,Medium,14.7
23.1,42.0,8.0,12.5,Rubber,Silty,7.46,3,90,0,Low,0.0
37.7,84.3,15.0,16.6,Coffee,Loam,4.4,9,344,0,Low,0.0
37.9,40.0,0.0,23.2,Banana,Sandy,5.98,6,36,1,High,23.5
38.6,47.9,0.0,25.5,Coconut,Clay,7.15,2,29,1,High,17.5
24.2,87.4,8.0,17.6,Tea,Peat,2.84,9,93,0,Low,0.0
24.9,93.2,8.0,9.8,Coconut,Silty,0.76,0,438,0,Low,0.0
24.1,94.4,0.0,10.1,Tea,Sandy,3.91,4,334,1,Medium,16.3
29.1,56.0,60.0,7.8,Paddy,Clay,5.79,0,165,0,Low,0.0
28.9,63.9,15.0,17.6,Vegetables,Peat,5.98,0,414,0,Low,0.0
25.8,91.0,15.0,20.3,Coconut,Clay,4.5,1,25,0,Low,0.0
37.8,53.7,15.0,7.9,Coffee,Sandy,9.73,0,248,0,Low,0.0
33.6,39.1,60.0,9.7,Tea,Loam,7.85,2,336,0,Low,0.0
32.3,48.9,0.0,13.7,Coffee,Silty,8.24,0,326,1,High,11.0
22.0,56.3,8.0,16.8,Coffee,Chalky,3.14,3,295,0,Low,0.0
23.0,84.6,15.0,7.8,Coconut,Silty,5.42,1,286,0,Low,0.0
21.8,54.1,35.0,21.6,Paddy,Peat,8.45,6,363,0,Low,0.0
37.4,73.1,0.0,10.9,Vegetables,Sandy,3.49,1,196,1,Medium,24.1
27.6,61.6,15.0,7.5,Banana,Chalky,5.63,9,493,0,Low,0.0
22.0,81.1,15.0,10.0,Coconut,Sandy,5.38,4,201,0,Low,0.0
30.9,54.5,0.0,17.4,Coconut,Loam,7.27,3,446,1,High,11.6
33.8,55.7,15.0,23.7,Rubber,Chalky,1.76,5,367,0,Medium,0.0
31.8,62.3,0.0,4.6,Pepper,Silty,6.77,0,17,1,Medium,10.5
37.8,45.9,0.0,25.3,Banana,Silty,5.69,8,411,1,High,20.5
30.7,61.5,0.0,25.6,Paddy,Chalky,4.23,6,126,1,High,16.1
32.6,71.1,0.0,5.8,Rubber,Loam,8.39,5,172,1,High,11.2
25.0,51.8,0.0,26.2,Coconut,Sandy,0.98,0,242,1,Medium,14.6
20.5,70.0,15.0,22.8,Rubber,Sandy,6.09,3,486,0,Low,0.0
20.1,38.7,0.0,21.0,Tea,Chalky,2.35,0,62,1,Medium,10.9
24.3,84.0,8.0,6.2,Pepper,Silty,0.98,4,413,0,Low,0.0
25.3,54.9,35.0,5.2,Pepper,Peat,4.7,2,398,0,Low,0.0
27.5,66.8,0.0,9.2,Banana,Peat,7.72,3,284,1,Medium,16.6
25.1,56.7,15.0,7.0,Coconut,Peat,8.36,2,470,0,Low,0.0
35.3,49.8,15.0,10.2,Vegetables,Silty,9.01,3,328,0,Medium,0.0
24.4,59.7,15.0,25.0,Tea,Clay,1.84,3,49,0,Low,0.0
27.5,44.4,15.0,16.8,Vegetables,Sandy,0.83,1,76,0,Low,0.0
38.9,44.4,35.0,6.8,Coconut,Chalky,3.84,2,440,0,Low,0.0
29.6,73.3,35.0,15.2,Coconut,Loam,4.41,1,193,0,Low,0.0
26.3,68.9,60.0,19.5,Tea,Peat,4.58,7,128,0,Low,0.0
22.5,41.0,35.0,4.4,Coconut,Silty,0.88,0,458,0,Low,0.0
38.8,52.6,2.5,22.7,Tea,Sandy,6.22,3,107,1,High,17.2
25.5,40.6,0.0,24.3,Pepper,Loam,6.93,0,181,1,Medium,12.4
33.0,69.5,15.0,13.1,Pepper,Clay,0.67,9,443,0,Low,0.0
37.9,54.4,60.0,21.9,Coconut,Peat,6.68,5,184,0,Medium,0.0
36.1,37.7,0.0,27.9,Coffee,Sandy,6.14,7,72,1,High,18.9
20.3,39.9,0.0,24.2,Tea,Silty,7.89,2,123,1,Medium,12.9
29.4,73.0,0.0,27.2,Banana,Silty,6.12,3,124,1,Medium,16.1
26.9,67.8,8.0,18.4,Vegetables,Sandy,9.21,5,453,0,Low,0.0
33.6,52.6,15.0,22.8,Banana,Silty,6.25,0,428,0,Low,0.0
32.9,91.8,0.0,10.1,Banana,Loam,1.28,4,451,1,High,17.3
22.4,61.5,15.0,21.5,Coffee,Clay,6.82,6,45,0,Low,0.0
22.6,40.7,0.0,15.1,Pepper,Sandy,3.52,3,342,1,High,15.9
34.8,42.1,0.0,4.3,Rubber,Clay,5.77,5,189,1,High,16.2
36.2,92.5,0.0,25.6,Banana,Chalky,8.22,5,449,1,High,22.4
27.4,49.4,35.0,15.5,Pepper,Loam,8.38,5,343,0,Low,0.0
27.7,40.3,60.0,27.9,Vegetables,Loam,8.22,9,436,0,Low,0.0
25.8,59.2,8.0,24.6,Coffee,Peat,7.1,0,130,0,Low,0.0
34.0,75.0,2.5,20.6,Banana,Silty,7.66,3,242,1,High,22.0
33.9,72.2,8.0,20.2,Paddy,Chalky,3.42,4,364,0,Low,0.0
36.1,46.8,2.5,17.2,Coconut,Loam,5.05,8,19,1,High,16.6
35.8,93.5,35.0,17.1,Vegetables,Loam,6.56,5,97,0,Low,0.0
29.5,76.4,15.0,18.4,Paddy,Sandy,1.96,2,231,0,Low,0.0
30.4,43.1,35.0,12.8,Rubber,Peat,9.97,9,357,0,Medium,0.0
30.6,56.5,8.0,16.7,Banana,Clay,9.76,5,53,0,Medium,0.0
26.3,75.5,0.0,26.3,Tea,Chalky,3.42,5,488,1,Medium,11.0
22.3,70.1,35.0,12.3,Paddy,Chalky,4.93,0,163,0,Low,0.0
23.2,38.7,2.5,27.9,Coffee,Chalky,3.87,7,216,1,High,11.7
27.4,74.6,60.0,15.0,Coconut,Chalky,4.83,8,489,0,Low,0.0
33.9,43.1,0.0,7.6,Coconut,Clay,6.22,1,229,1,High,17.5
25.6,44.8,2.5,7.9,Paddy,Silty,2.48,9,259,1,High,18.2
31.3,87.3,0.0,6.8,Coffee,Loam,3.31,3,122,1,High,12.7
31.3,43.9,2.5,11.1,Coffee,Loam,1.94,3,420,1,High,10.3
37.9,80.3,35.0,16.1,Vegetables,Chalky,3.49,1,107,0,Low,0.0
37.4,56.6,0.0,10.6,Tea,Peat,1.68,9,345,1,High,17.9
23.4,78.3,60.0,23.2,Rubber,Peat,4.52,4,29,0,Low,0.0
32.8,63.9,8.0,22.9,Vegetables,Loam,3.75,5,404,0,Low,0.0
20.2,48.6,0.0,7.2,Tea,Sandy,6.62,4,171,1,High,13.2
31.4,89.1,2.5,22.1,Coconut,Clay,8.44,9,10,1,High,13.3
31.2,56.2,8.0,5.6,Coconut,Silty,9.39,9,24,0,Medium,0.0
28.5,35.9,0.0,27.0,Vegetables,Silty,4.44,2,118,1,Medium,15.9
20.4,84.2,8.0,18.5,Coconut,Peat,5.47,9,250,0,Low,0.0
32.7,39.8,8.0,4.3,Rubber,Loam,7.55,2,5,0,Low,0.0
27.3,86.3,8.0,15.6,Coffee,Sandy,1.88,3,178,0,Low,0.0
21.2,39.3,35.0,16.5,Rubber,Clay,5.8,4,326,0,Low,0.0
21.9,37.6,0.0,25.7,Paddy,Peat,4.79,9,490,1,High,18.4
28.6,62.1,0.0,8.1,Paddy,Silty,1.67,8,419,1,Medium,17.4
38.8,76.1,0.0,5.1,Vegetables,Peat,1.37,1,314,1,Medium,18.0
32.7,73.5,0.0,22.4,Paddy,Silty,6.01,3,301,1,High,20.0
20.8,93.1,15.0,21.5,Coffee,Chalky,5.16,4,24,0,Low,0.0
21.0,72.1,0.0,20.3,Tea,Peat,5.01,1,110,0,Medium,0.0
26.6,81.9,0.0,11.8,Coconut,Chalky,9.64,7,232,1,Medium,12.5
34.1,71.7,60.0,23.2,Coconut,Silty,7.44,0,402,0,Low,0.0
29.9,39.1,15.0,5.4,Coconut,Loam,1.83,2,167,0,Low,0.0
30.4,59.2,35.0,17.6,Vegetables,Silty,6.92,7,235,0,Medium,0.0
33.9,69.3,0.0,25.8,Paddy,Clay,2.48,6,114,1,High,22.7
29.2,60.1,15.0,26.5,Coconut,Clay,6.73,6,406,0,Low,0.0
26.0,48.5,60.0,21.8,Coffee,Loam,3.87,1,431,0,Low,0.0
30.7,50.7,0.0,21.9,Paddy,Peat,7.48,0,342,1,High,17.3
37.3,38.7,2.5,16.3,Paddy,Sandy,0.56,5,330,1,High,24.1
34.0,36.4,15.0,6.5,Rubber,Peat,4.98,7,18,0,Medium,0.0
31.9,68.0,8.0,7.0,Rubber,Chalky,6.6,8,428,0,Low,0.0
29.4,42.3,0.0,25.4,Coconut,Peat,8.2,2,24,1,Medium,13.0
37.3,69.3,0.0,8.0,Coffee,Silty,8.01,1,33,1,Medium,15.7
31.3,70.4,15.0,18.8,Coffee,Loam,1.33,9,9,0,Low,0.0
29.8,47.8,2.5,4.4,Banana,Clay,6.25,3,190,1,High,19.5
25.9,52.6,0.0,4.5,Rubber,Clay,8.92,6,260,1,High,12.3
32.6,75.7,8.0,4.5,Banana,Sandy,2.48,8,7,0,Low,0.0
32.1,54.2,60.0,25.5,Banana,Loam,2.6,9,396,0,Medium,0.0
24.0,60.0,8.0,9.7,Coffee,Clay,7.72,1,245,0,Low,0.0
27.8,47.6,60.0,23.3,Banana,Peat,3.38,2,196,0,Low,0.0
34.6,76.5,0.0,11.9,Tea,Clay,2.23,8,12,1,High,15.7
32.0,78.6,0.0,11.5,Coconut,Loam,6.63,4,466,1,High,11.6
20.1,66.4,15.0,22.8,Coffee,Clay,4.02,8,491,0,Low,0.0
37.0,85.8,0.0,19.8,Pepper,Chalky,3.72,8,143,1,High,15.9
22.1,49.9,2.5,18.4,Rubber,Sandy,5.69,6,154,1,High,16.1
25.2,89.7,0.0,26.7,Banana,Chalky,3.65,0,173,0,Medium,0.0
32.3,65.6,0.0,11.3,Pepper,Loam,2.18,2,89,1,Medium,10.3
33.0,49.1,0.0,23.5,Pepper,Chalky,8.66,8,108,1,High,12.8
34.1,75.7,2.5,19.0,Rubber,Chalky,3.42,6,282,1,High,17.8
24.1,40.3,35.0,8.0,Rubber,Sandy,5.71,1,62,0,Low,0.0
33.7,65.7,35.0,15.5,Coffee,Peat,9.82,2,371,0,Low,0.0
37.7,59.1,15.0,20.1,Banana,Peat,3.95,0,379,0,Low,0.0
33.8,41.8,0.0,11.4,Coconut,Chalky,3.82,1,291,1,High,14.9
33.2,72.8,8.0,11.2,Coffee,Peat,1.82,3,240,0,Low,0.0
24.2,38.4,35.0,12.6,Paddy,Peat,5.45,5,454,0,Low,0.0
36.7,65.3,8.0,14.0,Vegetables,Loam,2.87,0,356,0,Low,0.0
32.6,70.7,8.0,15.2,Banana,Peat,8.27,4,271,0,Low,0.0
36.2,75.4,0.0,15.0,Coconut,Sandy,9.34,6,481,1,High,20.0
25.9,85.7,8.0,26.1,Coffee,Loam,1.02,7,200,0,Low,0.0
28.0,48.2,0.0,17.3,Vegetables,Chalky,7.55,6,156,1,High,14.5
21.3,78.4,0.0,9.6,Paddy,Silty,5.37,1,282,0,Medium,0.0
27.1,72.3,2.5,9.6,Tea,Silty,9.22,1,86,0,Medium,0.0
34.3,51.5,0.0,13.4,Coconut,Chalky,3.74,4,170,1,High,16.7
29.7,86.7,35.0,20.1,Vegetables,Sandy,5.58,3,322,0,Low,0.0
35.4,54.2,35.0,22.1,Vegetables,Sandy,5.61,0,51,0,Low,0.0
36.4,51.0,0.0,12.3,Rubber,Silty,9.56,7,178,1,High,14.1
37.2,39.1,60.0,11.4,Paddy,Clay,2.72,6,82,0,Medium,0.0
28.1,38.7,2.5,14.0,Vegetables,Peat,8.82,3,125,1,High,16.0
26.3,41.4,35.0,12.1,Coconut,Sandy,3.33,6,472,0,Low,0.0
36.0,89.9,0.0,19.2,Rubber,Clay,1.17,2,113,1,Medium,14.8
35.6,67.7,8.0,8.1,Paddy,Loam,7.51,5,167,0,Low,0.0
24.0,41.9,2.5,26.4,Rubber,Clay,8.29,6,390,1,High,10.8
25.4,52.3,15.0,26.9,Vegetables,Chalky,4.73,2,1,0,Low,0.0
23.2,53.6,8.0,23.9,Vegetables,Clay,6.63,5,238,0,Low,0.0
30.4,40.2,0.0,9.3,Paddy,Sandy,2.49,9,96,1,High,19.2
23.4,58.5,0.0,20.9,Coconut,Sandy,1.53,6,293,1,High,14.5
34.7,55.6,35.0,19.1,Banana,Sandy,4.78,8,150,0,Medium,0.0
34.2,84.6,35.0,23.4,Tea,Clay,3.68,3,223,0,Low,0.0
37.6,72.2,0.0,18.3,Pepper,Peat,4.13,0,96,1,Medium,14.8
24.5,53.0,60.0,26.4,Coffee,Clay,5.5,0,319,0,Low,0.0
28.9,83.1,0.0,13.1,Coconut,Peat,3.76,6,443,1,Medium,10.1
33.1,54.0,0.0,21.4,Coffee,Loam,1.33,8,428,1,High,16.2
23.9,67.6,60.0,25.9,Coconut,Clay,2.83,7,136,0,Low,0.0
26.5,41.7,0.0,27.2,Coffee,Sandy,7.54,4,401,1,High,16.5
30.5,67.1,0.0,21.5,Pepper,Peat,6.19,0,72,1,Medium,13.6
22.2,35.2,0.0,21.7,Coffee,Loam,1.02,4,246,1,High,13.0
37.5,60.4,0.0,10.3,Paddy,Sandy,8.38,2,449,1,Medium,26.7
30.5,53.0,2.5,23.5,Tea,Loam,4.62,6,153,1,High,11.5
35.1,91.5,35.0,12.1,Pepper,Peat,7.58,0,48,0,Low,0.0
20.4,38.8,60.0,14.8,Banana,Silty,6.38,3,335,0,Low,0.0
32.6,48.1,0.0,8.9,Tea,Clay,7.61,3,62,1,High,10.4
30.1,58.7,0.0,14.3,Vegetables,Clay,9.03,0,268,1,High,16.5
32.9,75.0,8.0,8.9,Pepper,Sandy,0.71,6,78,0,Low,0.0
26.3,58.3,60.0,17.2,Pepper,Silty,7.42,2,182,0,Low,0.0
33.9,81.2,2.5,14.0,Rubber,Sandy,9.4,5,460,1,High,20.6
22.3,54.7,0.0,18.7,Banana,Loam,2.32,2,261,1,Medium,16.8
36.2,40.1,35.0,24.3,Rubber,Loam,2.07,6,180,0,Medium,0.0
30.2,73.1,8.0,10.9,Coconut,Peat,7.61,8,266,0,Low,0.0
33.4,90.7,8.0,14.4,Vegetables,Chalky,7.11,5,363,0,Low,0.0
21.8,66.9,0.0,21.4,Paddy,Loam,3.38,2,256,0,Medium,0.0
30.7,71.0,8.0,21.0,Banana,Chalky,9.03,1,196,0,Low,0.0
22.4,42.3,0.0,18.2,Coffee,Peat,6.83,8,382,1,High,11.0
27.7,51.8,2.5,16.5,Coconut,Peat,8.15,7,291,1,High,10.3
28.3,74.5,15.0,22.0,Vegetables,Peat,1.8,6,19,0,Low,0.0
37.5,65.1,0.0,21.4,Vegetables,Chalky,8.69,5,43,1,High,21.4
20.8,38.0,0.0,21.8,Coffee,Loam,1.31,7,404,1,High,12.1
31.7,49.2,60.0,15.4,Coconut,Silty,1.51,9,282,0,Medium,0.0
24.9,84.7,0.0,5.5,Coconut,Clay,1.63,1,56,0,Medium,0.0
21.0,85.0,8.0,21.3,Tea,Clay,8.52,1,174,0,Low,0.0
28.0,37.4,0.0,24.7,Banana,Chalky,6.71,7,71,1,High,16.4
27.0,41.0,2.5,27.8,Coconut,Sandy,5.86,0,430,1,Medium,14.1
29.8,85.9,0.0,14.9,Rubber,Sandy,7.7,5,207,1,Medium,14.3
37.6,38.4,60.0,8.1,Coffee,Peat,2.06,5,12,0,Medium,0.0
26.0,48.2,60.0,17.4,Coconut,Silty,9.11,1,76,0,Low,0.0
36.4,76.7,35.0,20.4,Coconut,Sandy,5.97,6,423,0,Low,0.0
34.2,83.1,35.0,25.1,Banana,Loam,9.04,8,180,0,Low,0.0
26.0,85.7,60.0,25.8,Coffee,Silty,6.93,3,340,0,Low,0.0
27.1,47.5,2.5,18.8,Banana,Peat,4.78,0,218,1,Medium,19.4
23.9,92.1,15.0,22.5,Pepper,Peat,3.52,9,356,0,Low,0.0
25.7,37.2,0.0,16.9,Vegetables,Silty,4.19,7,98,1,High,14.5
37.8,80.1,0.0,15.7,Coconut,Chalky,1.44,5,323,1,High,16.5
24.1,72.6,8.0,26.3,Coconut,Loam,8.08,5,398,0,Low,0.0
21.2,58.2,0.0,8.9,Vegetables,Silty,9.23,7,291,1,High,17.9
27.2,83.1,0.0,19.4,Banana,Sandy,7.54,8,225,1,Medium,22.0
27.5,71.5,8.0,9.8,Pepper,Sandy,9.28,3,68,0,Low,0.0
25.5,57.2,60.0,12.5,Coffee,Loam,1.05,2,173,0,Low,0.0
36.8,44.1,0.0,12.1,Tea,Chalky,1.24,8,323,1,High,16.0
20.1,76.5,35.0,23.1,Tea,Loam,5.39,6,215,0,Low,0.0
28.9,56.6,0.0,23.1,Tea,Loam,4.84,3,194,1,High,12.8
21.6,86.8,35.0,14.2,Pepper,Peat,4.46,9,342,0,Low,0.0
23.0,38.7,35.0,27.3,Banana,Peat,3.26,1,36,0,Low,0.0
36.3,53.3,0.0,8.2,Pepper,Silty,7.3,2,364,1,High,14.8
20.2,39.5,0.0,26.6,Banana,Sandy,4.84,8,460,1,High,19.2
28.6,50.3,0.0,27.6,Rubber,Peat,1.42,0,230,1,Medium,12.5
34.6,39.8,0.0,22.6,Paddy,Chalky,4.94,7,165,1,High,21.8
25.5,68.7,8.0,22.3,Paddy,Chalky,4.61,0,291,0,Low,0.0
29.1,58.4,15.0,25.8,Tea,Sandy,5.13,7,237,0,Low,0.0
29.7,62.2,15.0,25.4,Banana,Peat,6.01,5,56,0,Low,0.0
25.3,59.3,0.0,18.1,Coconut,Peat,4.23,7,322,1,High,12.9
26.8,38.8,2.5,11.6,Banana,Sandy,3.38,6,367,1,High,22.8
26.4,69.3,35.0,23.1,Banana,Sandy,9.41,7,390,0,Low,0.0
30.8,71.6,0.0,16.9,Paddy,Loam,2.95,3,18,1,High,18.9
38.9,52.3,0.0,9.7,Tea,Silty,1.42,3,485,1,High,14.5
21.1,85.7,8.0,9.5,Rubber,Chalky,3.31,9,56,0,Low,0.0
32.7,43.0,15.0,22.5,Rubber,Clay,9.01,8,270,0,Medium,0.0
20.6,55.2,0.0,17.8,Rubber,Peat,8.19,0,212,1,Medium,10.9
29.6,50.7,0.0,8.4,Tea,Silty,5.37,1,166,1,Medium,13.5
24.6,62.0,35.0,21.2,Tea,Silty,1.38,5,442,0,Low,0.0
27.5,87.0,15.0,7.0,Rubber,Loam,5.73,3,166,0,Low,0.0
38.4,61.6,2.5,7.9,Vegetables,Chalky,3.03,3,380,1,High,18.2
20.9,58.2,0.0,21.9,Tea,Silty,9.51,1,297,1,Medium,11.2
38.5,59.7,0.0,16.5,Pepper,Sandy,7.97,6,317,1,High,17.0
36.1,57.9,35.0,20.2,Vegetables,Sandy,6.16,9,178,0,Medium,0.0
24.0,85.5,15.0,23.6,Banana,Sandy,3.44,2,213,0,Low,0.0
32.9,42.1,8.0,8.8,Coffee,Clay,6.39,7,321,0,Medium,0.0
22.4,52.4,0.0,10.5,Rubber,Peat,7.36,8,218,1,High,12.0
22.6,87.0,60.0,26.9,Rubber,Silty,2.8,7,175,0,Low,0.0
26.0,51.0,2.5,14.4,Banana,Silty,7.59,5,272,1,High,16.7
24.4,73.1,0.0,4.2,Pepper,Sandy,3.63,9,21,1,Medium,14.2
35.4,52.6,0.0,27.6,Banana,Silty,8.59,8,312,1,High,22.6
31.6,89.9,0.0,13.5,Vegetables,Peat,0.52,7,4,1,High,16.1
33.7,45.4,0.0,19.2,Coconut,Loam,0.99,6,492,1,High,15.2
23.5,65.2,0.0,5.3,Coffee,Clay,5.76,6,144,1,Medium,11.8
23.1,53.2,15.0,22.6,Coconut,Chalky,6.47,0,348,0,Low,0.0
29.5,80.9,0.0,15.0,Tea,Peat,0.83,5,373,1,Medium,10.3
28.3,52.6,0.0,10.4,Rubber,Silty,8.05,0,15,1,Medium,10.4
22.8,87.6,15.0,20.0,Coffee,Loam,9.15,4,230,0,Low,0.0
35.7,72.6,0.0,11.6,Banana,Loam,2.59,6,425,1,High,23.6
22.5,58.2,2.5,18.6,Tea,Sandy,5.32,2,392,1,Medium,16.7
36.3,45.2,35.0,27.9,Rubber,Peat,9.34,0,357,0,Low,0.0
33.2,78.5,8.0,13.8,Vegetables,Chalky,0.71,3,458,0,Low,0.0
32.9,87.8,35.0,7.1,Tea,Silty,9.83,8,42,0,Low,0.0
28.3,37.4,0.0,6.3,Vegetables,Silty,6.13,9,68,1,High,17.4
28.8,82.1,35.0,19.4,Pepper,Silty,5.49,0,494,0,Low,0.0
38.5,56.6,0.0,19.9,Coconut,Peat,7.62,9,229,1,High,15.2
21.1,55.6,35.0,19.7,Paddy,Peat,1.83,7,207,0,Low,0.0
28.7,39.6,15.0,21.7,Coconut,Sandy,5.94,5,173,0,Low,0.0
37.8,56.1,0.0,17.2,Coffee,Chalky,1.47,2,446,1,High,14.1
33.7,65.8,15.0,14.5,Paddy,Peat,5.69,9,393,0,Low,0.0
31.1,46.2,2.5,8.5,Banana,Chalky,9.5,8,231,1,High,16.5
30.0,41.6,35.0,23.7,Paddy,Clay,3.82,7,460,0,Low,0.0
20.5,79.1,0.0,24.1,Coffee,Peat,6.91,6,41,1,Medium,11.4
22.4,42.8,0.0,22.2,Rubber,Clay,1.24,9,435,1,High,11.4
26.2,71.1,0.0,18.8,Coconut,Sandy,7.18,6,1,1,Medium,13.2
34.2,86.1,60.0,11.2,Paddy,Clay,4.6,4,115,0,Low,0.0
38.1,47.6,0.0,21.1,Rubber,Chalky,6.4,9,332,1,High,14.8
22.7,80.5,2.5,9.3,Coffee,Loam,6.64,5,206,1,Medium,10.6
33.0,70.6,35.0,15.8,Pepper,Loam,9.32,9,74,0,Low,0.0
25.6,52.7,0.0,5.3,Tea,Loam,4.85,6,48,1,High,13.6
22.0,74.4,0.0,18.7,Coffee,Silty,5.68,4,163,1,Medium,10.8
29.9,63.1,0.0,11.3,Vegetables,Silty,1.87,8,79,1,Medium,15.7
35.1,43.5,15.0,14.9,Banana,Silty,8.48,3,163,0,Medium,0.0
21.6,49.2,0.0,12.5,Paddy,Sandy,5.6,4,99,1,High,21.7
31.9,51.0,15.0,8.1,Paddy,Silty,5.91,8,478,0,Medium,0.0
38.8,44.8,2.5,4.2,Vegetables,Loam,7.01,9,358,1,High,18.5
36.9,51.5,0.0,22.7,Banana,Sandy,4.14,6,269,1,High,24.8
25.9,80.7,0.0,14.8,Rubber,Clay,9.55,9,136,1,Medium,12.5
29.0,87.5,15.0,25.9,Banana,Sandy,7.35,5,119,0,Low,0.0
35.0,75.8,2.5,19.0,Paddy,Clay,8.32,2,498,1,Medium,23.5
23.3,37.8,0.0,25.8,Tea,Silty,8.29,8,312,1,High,10.8
25.0,74.8,2.5,9.7,Coffee,Silty,7.82,4,373,1,Medium,14.0
26.5,38.7,0.0,11.2,Vegetables,Sandy,3.08,2,473,1,Medium,18.5
21.7,55.5,15.0,14.1,Pepper,Clay,7.24,6,299,0,Low,0.0
22.6,38.3,0.0,5.7,Paddy,Silty,1.64,1,351,1,Medium,18.0
36.0,61.8,2.5,18.7,Coffee,Loam,3.93,1,484,1,Medium,16.0
22.4,69.9,0.0,27.9,Coconut,Clay,8.25,4,197,1,Medium,13.2
31.3,88.2,0.0,21.2,Rubber,Sandy,4.47,4,99,1,High,13.4
20.3,87.4,0.0,14.8,Rubber,Peat,3.54,7,97,1,Medium,10.7
38.2,86.1,0.0,19.9,Rubber,Loam,0.58,7,479,1,High,16.3
28.7,66.1,0.0,22.0,Pepper,Clay,1.88,4,466,1,Medium,11.1
38.7,58.0,60.0,9.1,Banana,Sandy,6.47,4,176,0,Medium,0.0
27.9,50.5,8.0,4.7,Rubber,Clay,5.14,1,116,0,Low,0.0
31.9,56.5,35.0,16.2,Coffee,Clay,1.74,1,368,0,Low,0.0
36.5,89.3,0.0,21.2,Rubber,Clay,5.18,9,272,1,High,15.9
24.7,89.9,15.0,15.1,Coconut,Silty,6.5,5,50,0,Low,0.0
22.5,57.5,0.0,26.3,Banana,Clay,2.23,6,250,1,High,16.2
28.9,86.2,0.0,21.1,Coconut,Loam,5.41,9,119,1,Medium,13.4
26.8,72.9,0.0,6.6,Tea,Clay,2.16,4,322,1,Medium,11.0
33.6,81.6,0.0,4.1,Banana,Sandy,1.45,8,129,1,High,23.1
27.7,48.2,15.0,21.6,Tea,Sandy,2.51,2,495,0,Low,0.0
25.3,59.7,0.0,26.2,Coffee,Sandy,1.48,2,257,1,Medium,14.1
39.0,86.5,60.0,7.5,Rubber,Sandy,8.01,8,303,0,Low,0.0
20.9,72.4,0.0,25.6,Vegetables,Peat,8.2,4,282,1,Medium,17.8
27.7,81.3,2.5,5.9,Paddy,Loam,1.33,3,386,1,Medium,19.3
35.0,47.1,15.0,27.2,Banana,Clay,9.44,4,98,0,Medium,0.0
30.8,57.6,35.0,17.8,Vegetables,Chalky,0.66,6,376,0,Medium,0.0
20.3,69.0,0.0,5.2,Banana,Peat,3.75,3,428,1,Medium,19.6
33.6,84.1,2.5,20.4,Coconut,Clay,7.77,5,168,1,High,14.6
32.3,45.3,8.0,9.1,Coffee,Clay,1.3,2,331,0,Low,0.0
34.5,70.1,35.0,10.1,Tea,Chalky,8.27,4,467,0,Low,0.0
29.5,62.3,15.0,24.8,Coffee,Sandy,6.86,1,371,0,Low,0.0
27.9,86.2,35.0,27.1,Coffee,Chalky,3.0,8,487,0,Low,0.0
33.7,41.1,8.0,27.1,Coffee,Sandy,7.12,0,318,0,Low,0.0
25.2,54.2,0.0,25.0,Paddy,Sandy,8.73,9,452,1,High,19.5
28.1,44.7,0.0,14.9,Banana,Chalky,6.02,0,152,1,Medium,16.8
29.0,56.7,0.0,16.9,Pepper,Chalky,8.56,6,439,1,High,11.9
29.3,85.8,35.0,17.3,Paddy,Clay,9.38,5,16,0,Low,0.0
37.4,89.5,60.0,15.7,Pepper,Clay,1.51,9,343,0,Low,0.0
38.0,53.3,0.0,8.1,Vegetables,Clay,0.83,2,15,1,High,20.2
26.8,61.8,0.0,11.9,Coffee,Clay,2.25,5,471,1,Medium,11.1
33.9,39.6,8.0,4.5,Rubber,Silty,7.87,0,54,0,Low,0.0
30.7,47.3,0.0,18.0,Banana,Sandy,8.27,9,181,1,High,19.7
35.6,60.7,0.0,25.7,Coconut,Clay,5.43,3,255,1,High,14.5
22.4,70.0,0.0,13.0,Coffee,Silty,5.68,1,36,0,Medium,0.0
33.3,74.5,60.0,4.9,Vegetables,Sandy,5.52,4,347,0,Low,0.0
20.1,95.0,35.0,24.8,Tea,Silty,7.41,2,395,0,Low,0.0
31.2,75.0,8.0,22.2,Coconut,Loam,1.24,1,83,0,Low,0.0
21.9,59.6,0.0,6.7,Rubber,Sandy,5.56,7,193,1,High,13.4
36.6,82.0,35.0,6.3,Vegetables,Chalky,4.33,8,482,0,Low,0.0
23.3,75.4,0.0,5.2,Vegetables,Silty,6.96,8,20,1,Medium,17.0
38.9,74.9,8.0,7.7,Pepper,Sandy,7.43,4,259,0,Low,0.0
21.2,62.0,0.0,27.7,Banana,Peat,1.85,0,455,0,Medium,0.0
31.9,38.3,0.0,7.8,Vegetables,Chalky,0.6,3,11,1,High,14.8
26.1,70.6,0.0,16.0,Vegetables,Silty,4.2,0,415,0,Medium,0.0
35.0,52.8,15.0,10.2,Coffee,Peat,1.46,5,289,0,Medium,0.0
39.0,35.1,15.0,7.7,Paddy,Sandy,8.5,8,362,0,Medium,0.0
21.4,77.2,35.0,25.5,Rubber,Chalky,3.0,3,92,0,Low,0.0
37.6,64.0,15.0,13.7,Coffee,Sandy,8.94,4,455,0,Low,0.0
24.6,90.9,0.0,23.3,Vegetables,Sandy,1.94,1,6,0,Medium,0.0
33.4,46.4,15.0,13.1,Tea,Chalky,2.18,5,131,0,Medium,0.0
21.3,56.3,0.0,17.9,Pepper,Peat,5.76,9,249,1,High,13.4
32.2,74.0,0.0,13.4,Tea,Peat,2.55,1,361,1,Medium,12.9
29.5,59.9,0.0,8.0,Coconut,Clay,7.34,8,402,1,High,13.6
25.5,54.7,0.0,13.6,Rubber,Loam,6.39,4,122,1,High,13.3
24.1,42.2,15.0,16.5,Banana,Clay,4.89,1,203,0,Low,0.0
38.6,40.8,60.0,25.6,Rubber,Chalky,6.87,1,348,0,Low,0.0
30.4,70.5,35.0,22.6,Vegetables,Silty,6.26,5,235,0,Low,0.0
30.3,83.2,60.0,22.3,Rubber,Silty,2.47,7,287,0,Low,0.0
36.5,60.9,0.0,6.0,Paddy,Loam,9.66,4,309,1,High,23.5
36.7,56.0,35.0,20.9,Coconut,Chalky,0.67,7,294,0,Medium,0.0
29.2,81.7,15.0,17.6,Banana,Loam,0.63,1,351,0,Low,0.0
31.4,85.9,0.0,16.6,Pepper,Chalky,3.06,8,288,1,High,13.7
33.7,69.6,8.0,6.0,Vegetables,Loam,5.34,0,275,0,Low,0.0
26.8,39.9,0.0,20.0,Paddy,Loam,6.98,9,408,1,High,16.9
38.6,58.2,2.5,16.2,Coconut,Chalky,7.58,7,384,1,High,14.8
28.8,52.2,60.0,6.5,Pepper,Chalky,8.33,3,307,0,Low,0.0
21.4,51.4,0.0,20.7,Coconut,Peat,9.99,6,395,1,High,10.0
22.8,81.6,15.0,27.2,Coffee,Clay,4.85,6,374,0,Low,0.0
21.2,62.9,0.0,17.0,Tea,Peat,2.94,7,462,1,Medium,10.2
37.4,71.9,35.0,26.5,Coffee,Chalky,2.49,6,84,0,Low,0.0
31.0,91.9,0.0,25.4,Banana,Peat,5.54,8,370,1,High,17.0
28.7,72.7,0.0,27.8,Tea,Peat,8.42,5,381,1,Medium,12.6
33.8,73.0,0.0,27.8,Coffee,Chalky,5.23,7,406,1,High,17.7
28.4,67.9,15.0,8.9,Pepper,Clay,6.77,7,391,0,Low,0.0
26.0,65.7,0.0,22.0,Tea,Silty,2.45,6,400,1,Medium,10.5
25.9,88.2,60.0,26.0,Coconut,Chalky,9.89,3,162,0,Low,0.0
26.4,70.2,0.0,7.8,Coconut,Clay,3.05,9,243,1,Medium,12.9
37.9,87.9,2.5,5.8,Vegetables,Loam,6.83,6,136,1,High,21.8
36.6,77.5,15.0,4.5,Rubber,Silty,0.81,6,292,0,Low,0.0
30.2,93.1,60.0,14.3,Rubber,Chalky,6.24,1,454,0,Low,0.0
21.8,37.0,35.0,25.8,Tea,Chalky,6.35,2,421,0,Low,0.0
33.0,93.9,60.0,20.5,Paddy,Loam,3.05,3,401,0,Low,0.0
36.2,56.4,15.0,26.4,Pepper,Sandy,4.77,5,378,0,Medium,0.0
30.4,74.0,2.5,16.4,Coffee,Chalky,7.62,7,274,1,High,12.5
26.8,59.3,35.0,8.7,Coffee,Sandy,5.18,6,176,0,Low,0.0
25.3,38.9,35.0,13.9,Paddy,Clay,9.68,4,115,0,Low,0.0
27.1,36.6,35.0,16.6,Banana,Chalky,6.27,6,377,0,Low,0.0
36.0,37.2,0.0,23.4,Pepper,Silty,9.19,6,82,1,High,16.7
21.0,82.0,2.5,4.7,Rubber,Peat,2.71,1,358,0,Medium,0.0
38.6,44.3,35.0,19.1,Banana,Sandy,9.62,6,76,0,Medium,0.0
37.2,78.8,2.5,24.0,Vegetables,Peat,8.65,8,202,1,High,21.7
20.2,39.5,35.0,24.8,Rubber,Peat,1.08,1,274,0,Low,0.0
31.8,93.2,0.0,27.2,Pepper,Chalky,5.2,8,224,1,High,12.2
29.6,43.7,2.5,22.0,Paddy,Peat,5.1,0,51,1,Medium,17.0
20.5,52.1,0.0,5.3,Banana,Silty,9.57,4,144,1,High,17.3
23.5,69.6,8.0,8.6,Vegetables,Silty,1.61,5,484,0,Low,0.0
26.5,79.9,35.0,4.1,Vegetables,Silty,6.55,7,339,0,Low,0.0
27.1,90.5,0.0,25.2,Paddy,Sandy,7.53,9,465,1,Medium,20.8
26.5,78.1,8.0,8.6,Rubber,Clay,4.81,7,322,0,Low,0.0
27.3,86.3,15.0,13.4,Tea,Chalky,0.78,0,295,0,Low,0.0
30.1,70.8,2.5,9.1,Paddy,Clay,5.01,9,362,1,High,19.3
37.1,81.9,35.0,24.9,Coconut,Clay,2.85,5,320,0,Low,0.0
21.9,78.7,60.0,18.2,Tea,Sandy,2.41,7,175,0,Low,0.0
30.0,74.1,0.0,17.0,Pepper,Chalky,2.13,5,266,1,Medium,11.4
34.1,61.3,2.5,7.3,Paddy,Peat,5.48,9,183,1,High,21.4
37.2,70.2,0.0,13.8,Coconut,Chalky,2.65,5,322,1,High,14.4
29.5,50.8,2.5,25.5,Tea,Clay,8.66,6,398,1,High,13.5
26.1,45.7,60.0,18.1,Rubber,Sandy,1.92,9,132,0,Low,0.0
25.6,69.3,0.0,23.4,Banana,Silty,8.06,4,87,1,Medium,16.3
37.7,58.7,0.0,7.1,Paddy,Chalky,8.8,7,443,1,High,20.5
36.3,73.0,60.0,25.0,Coconut,Chalky,6.73,0,74,0,Low,0.0
36.4,53.6,8.0,16.7,Vegetables,Sandy,3.84,2,499,0,Low,0.0
35.2,83.2,2.5,20.2,Vegetables,Sandy,7.54,2,384,1,Medium,22.4
35.4,52.7,15.0,4.6,Tea,Silty,2.66,5,289,0,Medium,0.0
36.2,82.9,2.5,17.1,Pepper,Silty,9.08,3,392,1,High,14.9
33.5,84.4,0.0,4.3,Vegetables,Loam,7.2,6,463,1,High,19.2
34.7,39.5,0.0,21.9,Banana,Clay,5.96,5,61,1,High,20.1
30.4,86.5,35.0,15.0,Coconut,Loam,9.37,7,131,0,Low,0.0
32.6,77.5,8.0,4.1,Rubber,Sandy,1.86,9,466,0,Low,0.0
35.0,73.4,35.0,15.5,Paddy,Sandy,6.95,2,440,0,Low,0.0
33.8,41.9,60.0,11.3,Tea,Silty,4.77,8,389,0,Medium,0.0
30.9,95.0,2.5,5.5,Paddy,Loam,6.22,4,286,1,High,19.9
30.3,68.6,2.5,9.6,Tea,Sandy,3.23,4,27,1,High,16.2
20.9,71.2,0.0,10.9,Coconut,Peat,4.81,1,9,0,Medium,0.0
21.0,56.3,35.0,17.3,Tea,Silty,3.11,3,137,0,Low,0.0
34.8,91.5,15.0,24.4,Coconut,Peat,3.66,3,64,0,Low,0.0
22.0,76.3,35.0,10.9,Tea,Peat,1.43,0,353,0,Low,0.0
21.1,41.6,0.0,12.8,Banana,Loam,7.99,0,494,1,Medium,19.8
35.7,68.9,0.0,22.6,Vegetables,Clay,6.83,8,129,1,High,18.5
24.5,91.0,0.0,18.3,Vegetables,Silty,5.44,9,349,1,Medium,17.0
24.4,38.6,60.0,9.1,Pepper,Clay,4.35,1,396,0,Low,0.0
27.4,54.4,0.0,25.7,Coconut,Loam,3.98,4,298,1,High,13.9
37.4,45.0,0.0,21.9,Vegetables,Clay,3.64,9,246,1,High,19.8
31.4,39.3,0.0,14.4,Tea,Clay,7.05,2,240,1,High,10.4
29.7,79.1,0.0,25.8,Coffee,Sandy,2.65,8,18,1,Medium,16.3
24.4,47.0,35.0,13.4,Coconut,Sandy,5.99,2,168,0,Low,0.0
21.6,72.2,15.0,11.9,Rubber,Clay,5.04,5,95,0,Low,0.0
29.2,77.3,8.0,22.4,Paddy,Sandy,3.56,2,381,0,Low,0.0
37.9,90.9,15.0,6.6,Paddy,Loam,5.34,8,450,0,Low,0.0
29.1,85.1,15.0,15.8,Vegetables,Sandy,1.6,9,127,0,Low,0.0
30.1,63.9,8.0,8.8,Pepper,Loam,2.99,5,464,0,Low,0.0
25.2,83.1,0.0,15.6,Banana,Silty,9.79,3,290,1,Medium,18.6
27.2,80.3,2.5,25.9,Coffee,Chalky,4.41,4,435,1,Medium,12.3
31.7,37.4,0.0,13.2,Paddy,Peat,7.36,9,101,1,High,18.6
29.7,44.5,60.0,26.7,Banana,Peat,3.51,4,65,0,Low,0.0
29.5,53.6,0.0,18.2,Vegetables,Peat,0.54,0,400,1,Medium,17.5
22.8,77.7,35.0,4.5,Coconut,Clay,5.0,7,243,0,Low,0.0
20.1,84.2,60.0,19.4,Rubber,Peat,3.28,0,306,0,Low,0.0
26.1,93.1,2.5,19.4,Tea,Silty,1.7,0,300,0,Medium,0.0
32.5,63.2,2.5,5.8,Coffee,Chalky,6.6,8,245,1,High,11.2
23.2,57.7,2.5,22.5,Paddy,Loam,2.34,3,32,1,High,19.7
35.9,85.6,35.0,25.1,Banana,Clay,8.15,5,175,0,Low,0.0
36.2,83.1,0.0,9.8,Vegetables,Chalky,9.32,1,494,1,Medium,20.7
37.3,55.7,35.0,9.7,Paddy,Loam,4.22,4,70,0,Medium,0.0
33.1,58.2,35.0,16.8,Banana,Silty,6.92,4,130,0,Medium,0.0
20.3,45.0,0.0,8.6,Tea,Loam,8.72,8,12,1,High,10.3
26.8,79.9,15.0,21.8,Coconut,Loam,8.03,7,310,0,Low,0.0
29.4,37.4,15.0,18.8,Coffee,Silty,0.59,8,9,0,Low,0.0
24.9,73.2,8.0,14.7,Pepper,Chalky,3.02,4,62,0,Low,0.0
32.6,82.0,0.0,16.1,Paddy,Chalky,9.36,8,354,1,High,18.9
20.4,47.3,0.0,14.7,Banana,Peat,3.38,2,278,1,Medium,17.1
28.8,88.3,0.0,9.9,Paddy,Sandy,9.15,9,430,1,Medium,21.7
34.8,42.9,35.0,12.1,Coffee,Sandy,2.8,9,354,0,Medium,0.0
29.9,35.8,35.0,19.0,Tea,Peat,5.29,0,323,0,Low,0.0
30.9,73.2,0.0,17.7,Tea,Silty,4.61,1,379,1,Medium,10.1
31.2,66.4,15.0,11.4,Paddy,Loam,1.36,3,127,0,Low,0.0
33.1,42.6,2.5,11.4,Banana,Chalky,8.46,5,230,1,High,23.6
20.2,47.1,2.5,27.9,Vegetables,Silty,3.47,6,57,1,High,16.7
30.0,93.2,2.5,21.3,Tea,Loam,4.38,4,307,1,Medium,13.2
25.9,54.6,35.0,20.6,Pepper,Peat,1.66,5,407,0,Low,0.0
31.1,39.9,0.0,5.7,Paddy,Clay,3.58,1,326,1,High,19.6
30.5,66.6,35.0,15.7,Coconut,Loam,8.74,8,286,0,Low,0.0
32.7,42.6,0.0,19.7,Banana,Silty,0.94,8,162,1,High,18.5
36.9,65.3,8.0,18.8,Pepper,Loam,1.49,4,117,0,Low,0.0
35.6,70.1,0.0,16.4,Tea,Chalky,3.49,4,467,1,High,16.9
27.8,72.8,35.0,14.5,Coffee,Loam,6.43,5,77,0,Low,0.0
25.0,49.5,8.0,23.6,Rubber,Loam,8.17,9,210,0,Low,0.0
21.9,92.7,15.0,22.5,Pepper,Silty,5.26,0,67,0,Low,0.0
27.8,81.8,8.0,15.7,Paddy,Loam,6.13,8,88,0,Low,0.0
29.5,71.3,0.0,6.7,Coconut,Chalky,7.7,6,386,1,Medium,12.2
22.5,81.0,60.0,10.4,Rubber,Sandy,8.81,5,333,0,Low,0.0
37.4,52.6,8.0,10.1,Tea,Loam,4.14,9,230,0,Medium,0.0
28.7,45.2,60.0,5.7,Vegetables,Chalky,7.93,4,312,0,Low,0.0
21.9,35.7,35.0,26.7,Vegetables,Peat,1.75,9,341,0,Low,0.0
24.8,86.5,0.0,6.6,Vegetables,Sandy,5.84,0,348,0,Medium,0.0
34.5,52.1,0.0,12.1,Pepper,Clay,6.33,6,269,1,High,16.6
28.2,84.2,60.0,4.5,Pepper,Sandy,7.11,4,485,0,Low,0.0
21.1,63.8,35.0,7.9,Coffee,Silty,8.61,0,234,0,Low,0.0
25.0,89.2,0.0,13.5,Paddy,Silty,9.83,9,239,1,Medium,19.7
34.9,54.5,0.0,20.1,Banana,Chalky,8.16,5,292,1,High,20.8
27.3,64.1,35.0,25.5,Coconut,Silty,1.67,6,425,0,Low,0.0
28.2,87.5,15.0,14.4,Banana,Clay,9.93,0,37,0,Low,0.0
21.0,41.3,2.5,18.9,Tea,Clay,5.29,0,47,1,Medium,11.1
38.0,85.5,8.0,27.1,Vegetables,Clay,1.11,0,159,0,Low,0.0
31.2,88.7,0.0,15.7,Banana,Sandy,6.57,7,144,1,High,20.7
25.2,88.3,2.5,5.7,Coconut,Loam,7.28,1,451,0,Medium,0.0
27.6,44.1,0.0,16.6,Coffee,Loam,3.94,5,279,1,High,14.0
20.7,74.3,0.0,11.7,Paddy,Chalky,2.71,8,475,1,Medium,18.8
21.3,46.6,0.0,19.9,Tea,Loam,1.43,8,236,1,High,10.2
21.5,94.6,60.0,5.2,Rubber,Silty,6.72,3,291,0,Low,0.0
35.8,56.0,0.0,16.3,Vegetables,Loam,4.82,5,116,1,High,20.8
37.9,54.8,0.0,4.3,Coffee,Peat,2.1,3,146,1,High,17.9
38.0,46.8,0.0,9.6,Pepper,Clay,6.72,4,321,1,High,15.9
27.1,64.6,8.0,16.4,Coffee,Loam,6.9,7,426,0,Low,0.0
28.0,52.9,0.0,5.9,Rubber,Chalky,4.33,2,6,1,Medium,10.4
28.2,45.5,0.0,24.2,Coconut,Sandy,6.38,0,461,1,Medium,16.9
25.4,60.4,60.0,5.9,Coffee,Chalky,6.1,4,106,0,Low,0.0
35.4,42.7,0.0,20.5,Paddy,Clay,1.12,6,53,1,High,21.6
26.9,48.0,2.5,15.9,Coffee,Clay,6.17,9,451,1,High,11.8
24.8,84.5,8.0,20.5,Rubber,Silty,3.34,0,299,0,Low,0.0
22.2,72.0,35.0,20.6,Coconut,Silty,4.45,2,180,0,Low,0.0
27.0,41.0,0.0,5.3,Coconut,Sandy,2.55,4,185,1,High,13.8
20.4,88.8,8.0,24.7,Paddy,Clay,0.83,9,345,0,Low,0.0
21.4,43.1,0.0,26.9,Coffee,Loam,8.5,8,150,1,High,10.7
35.8,46.7,0.0,14.5,Rubber,Chalky,6.24,8,28,1,High,18.0
31.5,59.3,8.0,11.7,Vegetables,Clay,8.53,0,440,0,Low,0.0
20.8,89.1,0.0,13.2,Paddy,Silty,6.68,5,422,1,Medium,17.3
35.5,37.3,60.0,4.5,Coffee,Chalky,7.14,3,137,0,Medium,0.0
22.7,67.7,8.0,14.7,Coconut,Silty,1.81,2,86,0,Low,0.0
33.6,50.0,0.0,14.1,Banana,Loam,8.9,6,407,1,High,23.4
33.2,45.2,2.5,24.7,Coffee,Peat,1.19,4,112,1,High,14.9
32.7,67.6,0.0,27.3,Paddy,Peat,8.03,9,281,1,High,18.7
24.8,88.0,0.0,26.3,Pepper,Peat,5.19,7,382,1,Medium,13.1
29.3,55.3,0.0,9.7,Coconut,Clay,1.04,2,217,1,Medium,12.0
30.6,78.7,15.0,22.9,Coconut,Clay,3.1,8,140,0,Low,0.0
28.1,51.3,8.0,6.9,Tea,Chalky,5.25,4,166,0,Low,0.0
23.7,84.6,8.0,13.4,Paddy,Clay,1.08,3,489,0,Low,0.0
34.2,92.7,0.0,22.7,Vegetables,Silty,8.38,2,86,1,Medium,21.8
27.8,74.7,60.0,16.7,Banana,Peat,6.92,3,341,0,Low,0.0
30.9,84.3,15.0,19.9,Coffee,Clay,3.28,7,327,0,Low,0.0
21.0,84.2,15.0,6.3,Pepper,Silty,6.41,0,9,0,Low,0.0
25.7,59.7,2.5,17.9,Banana,Loam,9.21,3,96,1,High,18.7
27.5,35.1,0.0,20.9,Pepper,Clay,4.14,1,124,1,Medium,12.1
21.4,46.5,35.0,5.1,Coffee,Sandy,9.98,0,338,0,Low,0.0
35.4,57.5,0.0,27.9,Banana,Loam,2.18,4,94,1,High,23.6
26.1,75.2,60.0,22.5,Tea,Chalky,8.15,4,318,0,Low,0.0
36.9,85.4,15.0,9.9,Pepper,Peat,3.55,0,228,0,Low,0.0
38.5,61.3,60.0,20.2,Pepper,Clay,7.43,0,376,0,Low,0.0
32.9,57.4,0.0,14.6,Coconut,Peat,7.63,3,172,1,High,12.4
26.2,94.0,15.0,25.2,Tea,Chalky,1.49,6,410,0,Low,0.0
20.5,62.0,60.0,5.1,Tea,Peat,2.06,0,214,0,Low,0.0
22.3,64.0,2.5,18.2,Coffee,Sandy,1.9,5,170,1,Medium,16.2
34.3,80.2,2.5,6.6,Tea,Peat,1.99,6,470,1,High,16.5
34.8,65.0,0.0,20.1,Rubber,Peat,7.08,4,206,1,High,17.1
23.3,54.3,60.0,16.7,Coffee,Silty,5.99,0,156,0,Low,0.0
25.5,51.0,60.0,26.5,Tea,Silty,6.34,7,194,0,Low,0.0
21.8,81.1,0.0,8.1,Pepper,Chalky,7.33,9,219,1,Medium,13.5
24.9,70.6,35.0,7.0,Rubber,Loam,8.53,3,480,0,Low,0.0
25.3,94.8,8.0,4.8,Tea,Chalky,7.1,6,499,0,Low,0.0
26.5,35.4,15.0,16.9,Tea,Clay,0.82,6,315,0,Low,0.0
25.3,69.9,35.0,26.9,Rubber,Chalky,9.26,2,305,0,Low,0.0
27.7,45.6,60.0,22.0,Banana,Sandy,1.83,6,74,0,Low,0.0
33.4,62.8,2.5,16.7,Pepper,Loam,0.51,9,385,1,High,14.4
32.0,89.9,0.0,21.4,Coffee,Chalky,2.04,4,55,1,High,12.9
25.7,62.8,0.0,14.7,Pepper,Silty,0.63,9,448,1,Medium,10.5
28.5,83.9,35.0,14.2,Paddy,Sandy,7.61,5,344,0,Low,0.0
36.8,88.5,2.5,4.3,Coffee,Peat,4.22,8,198,1,High,16.5
25.4,57.7,0.0,19.6,Tea,Chalky,4.96,5,320,1,High,11.2
37.6,48.8,0.0,12.2,Tea,Chalky,9.02,9,65,1,High,16.5
25.5,73.3,35.0,26.7,Vegetables,Loam,8.6,4,256,0,Low,0.0
27.4,50.8,0.0,14.3,Rubber,Loam,7.41,2,283,1,Medium,13.7
23.1,49.0,15.0,10.5,Tea,Peat,9.87,4,356,0,Low,0.0
38.8,49.9,0.0,10.2,Rubber,Sandy,2.62,0,370,1,High,17.4
28.2,48.8,8.0,18.1,Coconut,Clay,6.71,1,400,0,Low,0.0
30.3,77.9,15.0,14.8,Vegetables,Silty,9.47,8,323,0,Low,0.0
21.8,47.0,0.0,23.5,Vegetables,Chalky,5.52,0,386,1,Medium,16.4
33.1,58.0,15.0,13.9,Rubber,Sandy,7.43,1,439,0,Low,0.0
35.6,71.9,0.0,24.8,Coconut,Peat,0.63,9,232,1,High,15.0
35.9,65.7,8.0,14.1,Coffee,Peat,6.78,6,377,0,Low,0.0
25.5,35.9,60.0,19.1,Vegetables,Silty,9.74,9,369,0,Low,0.0
26.6,56.5,35.0,18.4,Coffee,Loam,7.62,7,2,0,Low,0.0
31.6,87.3,8.0,19.7,Pepper,Chalky,6.65,3,389,0,Low,0.0
21.0,62.4,0.0,16.3,Rubber,Peat,8.32,1,366,0,Medium,0.0
29.2,69.3,0.0,16.1,Tea,Loam,4.69,5,34,1,Medium,13.4
33.4,64.4,35.0,14.0,Rubber,Sandy,3.58,2,54,0,Low,0.0
34.4,63.7,0.0,27.8,Coffee,Clay,8.21,7,37,1,High,16.9
28.2,75.8,0.0,9.9,Banana,Sandy,1.65,3,357,1,Medium,21.6
33.5,45.7,2.5,11.6,Paddy,Silty,6.52,1,154,1,High,22.5
21.8,40.7,2.5,22.5,Banana,Silty,3.7,5,160,1,High,16.5
29.7,70.1,15.0,25.3,Coffee,Sandy,6.65,8,432,0,Low,0.0
22.8,89.3,8.0,19.0,Vegetables,Sandy,9.35,1,163,0,Low,0.0
23.3,39.7,35.0,5.4,Rubber,Chalky,5.53,1,94,0,Low,0.0
35.8,44.0,0.0,22.3,Pepper,Peat,2.98,6,323,1,High,17.6
22.4,36.6,15.0,4.8,Coconut,Loam,9.0,2,436,0,Low,0.0
23.1,89.4,0.0,26.0,Paddy,Clay,4.4,8,361,1,Medium,17.1
35.3,71.9,0.0,20.5,Coffee,Silty,5.09,2,60,1,Medium,17.2
35.9,74.3,15.0,25.9,Rubber,Sandy,5.82,1,481,0,Low,0.0
31.9,50.6,35.0,25.8,Pepper,Clay,7.34,9,138,0,Medium,0.0
21.8,90.4,0.0,13.7,Pepper,Silty,2.94,7,286,1,Medium,10.2
35.9,61.9,8.0,13.6,Pepper,Chalky,4.31,7,449,0,Low,0.0
35.3,51.3,2.5,25.5,Coconut,Loam,3.7,9,28,1,High,15.8
34.2,47.8,2.5,9.5,Coffee,Chalky,1.07,1,242,1,High,15.0
22.1,82.7,15.0,22.7,Coffee,Chalky,3.79,6,144,0,Low,0.0
28.7,91.5,0.0,20.9,Pepper,Clay,1.46,2,192,0,Medium,0.0
36.5,43.3,0.0,6.7,Paddy,Silty,6.7,0,434,1,High,21.3
24.5,63.8,2.5,24.6,Pepper,Silty,4.62,4,484,1,Medium,10.6
20.2,49.3,60.0,14.8,Coconut,Sandy,1.73,0,281,0,Low,0.0
21.3,54.9,0.0,10.0,Coconut,Silty,6.06,9,92,1,High,13.8
26.9,81.7,0.0,6.5,Coffee,Silty,6.78,0,374,0,Medium,0.0
33.9,38.1,2.5,9.8,Banana,Silty,6.07,5,409,1,High,22.1
37.2,40.0,8.0,22.0,Tea,Clay,2.85,9,249,0,Medium,0.0
34.5,58.2,0.0,23.2,Tea,Sandy,2.39,9,227,1,High,20.0
34.6,65.0,60.0,22.9,Coconut,Clay,5.09,3,18,0,Low,0.0
34.1,53.8,0.0,8.1,Paddy,Sandy,9.9,4,138,1,High,26.9
20.5,55.3,15.0,7.0,Coconut,Clay,8.74,2,353,0,Low,0.0
34.8,71.5,8.0,15.4,Pepper,Chalky,1.1,3,252,0,Low,0.0
38.3,67.3,0.0,25.0,Banana,Sandy,4.33,9,133,1,High,25.2
33.5,41.9,0.0,26.1,Tea,Clay,2.8,1,131,1,High,14.4
37.9,82.7,2.5,16.0,Coconut,Silty,1.7,4,18,1,High,14.5
28.0,63.9,35.0,6.2,Vegetables,Loam,1.53,0,67,0,Low,0.0
32.4,46.9,0.0,11.2,Pepper,Clay,3.24,7,480,1,High,12.9
20.8,40.7,35.0,11.1,Rubber,Loam,2.63,9,311,0,Low,0.0
38.8,66.4,0.0,26.5,Coconut,Silty,3.97,5,272,1,High,16.8
22.3,48.8,15.0,11.6,Coffee,Peat,3.25,7,79,0,Low,0.0
21.3,46.5,0.0,26.3,Banana,Peat,4.36,9,365,1,High,17.7
38.0,63.1,35.0,7.8,Pepper,Peat,9.03,0,303,0,Low,0.0
29.6,68.8,0.0,27.5,Banana,Sandy,9.32,5,33,1,Medium,19.4
37.1,56.0,0.0,18.0,Rubber,Loam,7.73,5,179,1,High,14.8
28.6,82.8,8.0,6.7,Coffee,Peat,7.18,4,445,0,Low,0.0
32.0,44.2,0.0,11.9,Coffee,Sandy,4.41,5,398,1,High,15.7
24.1,70.5,35.0,13.4,Tea,Silty,8.13,1,377,0,Low,0.0
31.8,59.8,0.0,6.5,Paddy,Clay,3.61,4,55,1,High,18.0
29.0,89.1,35.0,23.6,Tea,Sandy,6.74,3,356,0,Low,0.0
31.6,76.8,15.0,23.6,Rubber,Peat,6.09,8,355,0,Low,0.0
34.1,65.6,35.0,7.4,Banana,Clay,2.2,7,264,0,Low,0.0
20.5,78.4,15.0,18.1,Rubber,Peat,4.69,9,297,0,Low,0.0
21.4,65.6,0.0,14.5,Pepper,Silty,1.39,4,252,1,Medium,13.3
35.8,92.4,15.0,4.7,Paddy,Peat,7.99,8,189,0,Low,0.0
33.5,47.9,2.5,18.1,Vegetables,Chalky,9.93,2,194,1,High,20.5
38.7,73.4,0.0,18.5,Coconut,Silty,3.34,6,88,1,High,17.0
36.3,64.7,35.0,8.4,Coffee,Clay,4.69,4,338,0,Low,0.0
32.8,77.3,8.0,24.7,Tea,Chalky,2.18,4,397,0,Low,0.0
22.4,69.0,8.0,15.1,Coffee,Loam,3.69,4,56,0,Low,0.0
30.9,44.8,8.0,8.3,Tea,Sandy,9.7,5,107,0,Medium,0.0
36.6,40.9,8.0,23.9,Rubber,Silty,8.6,0,267,0,Low,0.0
35.8,55.9,0.0,16.7,Vegetables,Loam,2.01,7,472,1,High,19.4
20.2,72.6,2.5,22.3,Vegetables,Clay,8.0,6,213,1,Medium,14.3
29.0,76.4,0.0,21.8,Rubber,Sandy,4.19,9,138,1,Medium,13.9
30.9,60.4,0.0,11.8,Coffee,Loam,1.13,0,221,1,Medium,12.2
32.7,77.2,8.0,18.3,Rubber,Chalky,6.26,5,279,0,Low,0.0
38.2,77.9,0.0,5.5,Pepper,Chalky,3.9,7,303,1,High,17.8
29.5,90.9,8.0,24.3,Vegetables,Peat,2.49,6,36,0,Low,0.0
24.6,65.6,15.0,16.6,Pepper,Loam,9.97,2,214,0,Low,0.0
34.5,92.3,35.0,22.6,Coffee,Loam,7.73,2,223,0,Low,0.0
30.9,50.2,60.0,25.8,Vegetables,Loam,7.94,7,50,0,Medium,0.0
33.3,35.1,60.0,7.1,Tea,Chalky,6.08,7,408,0,Medium,0.0
36.4,92.7,15.0,8.6,Pepper,Loam,6.86,4,44,0,Low,0.0
32.4,60.0,8.0,18.1,Paddy,Chalky,9.86,0,79,0,Low,0.0
25.3,88.8,0.0,20.7,Tea,Peat,9.48,7,14,1,Medium,12.6
27.3,92.4,60.0,21.8,Banana,Clay,5.56,4,477,0,Low,0.0
21.9,53.5,35.0,11.1,Vegetables,Clay,0.71,3,300,0,Low,0.0
37.2,78.3,15.0,6.0,Paddy,Sandy,6.71,5,300,0,Low,0.0
24.7,90.7,35.0,11.6,Rubber,Silty,1.8,7,484,0,Low,0.0
20.3,91.1,2.5,23.4,Coffee,Clay,4.95,0,243,0,Medium,0.0
26.3,60.6,0.0,8.1,Paddy,Loam,4.53,5,463,1,Medium,19.9
22.9,79.0,8.0,6.8,Pepper,Chalky,9.7,0,340,0,Low,0.0
36.8,62.1,35.0,20.5,Banana,Silty,2.9,8,276,0,Low,0.0
37.5,62.4,8.0,7.9,Pepper,Chalky,8.04,4,133,0,Low,0.0
22.0,64.3,60.0,14.7,Pepper,Peat,6.96,7,24,0,Low,0.0
37.3,36.1,0.0,13.8,Banana,Clay,1.95,3,52,1,High,21.9
36.7,70.2,8.0,7.1,Coffee,Loam,6.15,3,37,0,Low,0.0
35.5,83.2,35.0,13.3,Pepper,Peat,1.36,0,276,0,Low,0.0
23.2,94.6,60.0,5.6,Tea,Silty,7.83,8,308,0,Low,0.0
28.0,92.9,0.0,25.2,Rubber,Loam,5.65,9,259,1,Medium,13.6
28.5,51.5,60.0,14.7,Vegetables,Silty,2.39,2,241,0,Low,0.0
21.3,75.7,0.0,19.8,Paddy,Silty,2.55,1,82,0,Medium,0.0
25.9,41.4,35.0,15.1,Tea,Sandy,7.75,4,14,0,Low,0.0
32.7,85.8,0.0,21.7,Coffee,Peat,7.53,4,192,1,High,11.4
29.9,74.3,0.0,15.9,Coconut,Chalky,1.97,8,319,1,Medium,12.5
21.5,64.3,0.0,25.1,Tea,Peat,4.52,1,313,0,Medium,0.0
37.2,58.7,15.0,27.0,Rubber,Peat,0.64,4,252,0,Medium,0.0
38.9,45.8,0.0,27.7,Coconut,Silty,8.42,8,315,1,High,15.0
28.2,63.0,0.0,9.3,Paddy,Chalky,4.39,2,106,0,Medium,0.0
30.6,91.8,0.0,18.6,Tea,Sandy,8.36,4,131,1,High,14.1
30.2,61.9,8.0,26.3,Paddy,Silty,4.37,4,394,0,Low,0.0
34.6,92.6,2.5,18.0,Coconut,Clay,4.76,3,374,1,High,15.6
38.1,64.1,0.0,13.9,Rubber,Peat,5.23,7,461,1,High,16.2
33.4,45.6,35.0,4.6,Rubber,Silty,2.6,3,310,0,Medium,0.0
24.1,38.6,60.0,16.0,Rubber,Silty,1.91,2,484,0,Low,0.0
37.2,94.9,0.0,8.2,Tea,Clay,3.7,2,259,1,Medium,16.6
25.9,71.4,0.0,14.3,Coffee,Clay,3.01,9,341,1,Medium,12.4
38.3,70.4,2.5,14.0,Paddy,Silty,3.82,5,101,1,High,20.9
25.0,65.3,0.0,24.7,Vegetables,Chalky,2.54,4,225,1,Medium,16.0
33.6,85.0,0.0,25.3,Coffee,Clay,0.8,4,367,1,High,16.0
26.0,80.2,35.0,21.4,Vegetables,Silty,8.41,2,120,0,Low,0.0
32.6,47.8,0.0,10.8,Banana,Loam,7.56,7,447,1,High,19.9
25.4,63.8,0.0,5.9,Coffee,Peat,6.11,2,22,0,Medium,0.0
25.4,49.0,8.0,16.4,Coffee,Clay,1.92,2,324,0,Low,0.0
22.3,41.1,0.0,22.0,Coffee,Chalky,7.88,5,457,1,High,10.9
27.3,79.4,15.0,15.8,Tea,Chalky,6.88,8,371,0,Low,0.0
23.1,83.2,0.0,4.6,Banana,Chalky,5.61,4,478,1,Medium,17.1
30.6,59.7,35.0,20.9,Coffee,Sandy,1.56,7,269,0,Medium,0.0
26.4,43.6,2.5,11.7,Banana,Peat,4.64,7,278,1,High,18.0
33.9,40.3,60.0,12.2,Coffee,Clay,5.34,9,223,0,Medium,0.0
26.8,54.4,60.0,7.3,Tea,Sandy,1.7,2,427,0,Low,0.0
24.9,63.8,0.0,17.3,Coffee,Silty,4.44,4,424,1,Medium,10.2
22.3,47.2,60.0,6.1,Vegetables,Chalky,6.39,0,299,0,Low,0.0
21.6,80.6,35.0,17.8,Rubber,Peat,6.46,5,367,0,Low,0.0
38.4,77.2,15.0,11.2,Rubber,Peat,5.58,7,480,0,Low,0.0
31.1,38.7,60.0,21.3,Vegetables,Sandy,9.46,6,447,0,Medium,0.0
29.6,70.1,15.0,22.8,Paddy,Silty,3.34,3,477,0,Low,0.0
20.2,40.0,2.5,21.6,Rubber,Sandy,6.74,8,31,1,High,13.2
37.5,63.2,35.0,7.5,Coffee,Silty,4.69,7,118,0,Low,0.0
28.0,71.5,15.0,18.9,Tea,Loam,8.26,7,45,0,Low,0.0
31.7,35.8,15.0,24.0,Coffee,Loam,4.79,6,401,0,Medium,0.0
37.4,43.0,35.0,6.4,Tea,Loam,5.82,9,302,0,Medium,0.0
27.1,47.9,0.0,26.4,Paddy,Clay,9.18,9,375,1,High,18.9
33.3,53.7,60.0,8.4,Vegetables,Sandy,2.16,7,31,0,Medium,0.0
25.7,70.9,35.0,11.7,Vegetables,Clay,1.21,6,75,0,Low,0.0
26.9,89.8,0.0,4.5,Coconut,Loam,5.55,7,139,1,Medium,12.2
38.7,78.9,60.0,4.7,Vegetables,Sandy,0.69,0,216,0,Low,0.0
38.5,71.2,8.0,17.7,Coffee,Clay,0.86,4,24,0,Low,0.0
35.7,44.5,0.0,4.1,Vegetables,Chalky,8.55,3,102,1,High,18.7
32.7,71.6,15.0,23.1,Coffee,Peat,7.02,0,33,0,Low,0.0
34.4,92.9,0.0,24.7,Vegetables,Peat,8.71,5,132,1,High,21.7
24.7,69.6,60.0,13.6,Tea,Sandy,5.87,4,67,0,Low,0.0
20.5,68.7,60.0,18.6,Tea,Chalky,3.01,8,106,0,Low,0.0
20.2,68.4,8.0,23.3,Paddy,Chalky,4.54,6,432,0,Low,0.0
32.9,71.5,15.0,5.9,Pepper,Clay,5.77,3,251,0,Low,0.0
33.7,73.6,2.5,10.3,Paddy,Clay,7.85,9,10,1,High,22.4
27.1,77.1,0.0,26.6,Coconut,Peat,6.08,0,412,0,Medium,0.0
23.9,55.4,35.0,19.0,Tea,Silty,9.54,0,167,0,Low,0.0
22.1,90.9,8.0,5.0,Pepper,Peat,7.05,1,69,0,Low,0.0
26.5,53.1,2.5,7.9,Banana,Clay,3.22,0,56,1,Medium,18.6
37.4,40.4,15.0,6.5,Paddy,Chalky,0.87,6,137,0,Medium,0.0
25.2,87.3,35.0,16.8,Rubber,Sandy,8.79,1,195,0,Low,0.0
35.4,57.1,60.0,14.2,Coconut,Silty,7.25,5,18,0,Medium,0.0
35.8,62.3,8.0,13.4,Vegetables,Clay,7.17,9,320,0,Low,0.0
22.8,54.0,15.0,14.2,Coffee,Silty,6.81,5,25,0,Low,0.0
29.8,60.9,0.0,16.4,Coconut,Loam,0.89,7,118,1,Medium,11.2
26.8,91.5,35.0,9.3,Tea,Loam,9.26,4,471,0,Low,0.0
34.7,58.6,60.0,8.3,Vegetables,Sandy,3.12,8,446,0,Medium,0.0
36.8,80.1,8.0,6.6,Rubber,Sandy,7.95,6,206,0,Low,0.0
33.7,47.3,35.0,21.9,Banana,Sandy,7.6,9,492,0,Medium,0.0
22.6,58.9,8.0,23.3,Rubber,Peat,4.1,1,276,0,Low,0.0
29.3,77.1,35.0,6.9,Pepper,Silty,9.15,6,149,0,Low,0.0
27.2,69.6,2.5,7.8,Tea,Sandy,2.29,1,151,0,Medium,0.0
22.7,83.7,8.0,15.8,Pepper,Sandy,5.51,6,430,0,Low,0.0
28.8,54.6,60.0,17.5,Pepper,Loam,6.62,6,107,0,Low,0.0
24.8,58.9,15.0,19.8,Banana,Clay,8.98,9,367,0,Low,0.0
31.4,77.6,2.5,10.0,Pepper,Peat,7.05,3,137,1,High,13.1
30.5,74.7,0.0,23.0,Rubber,Sandy,9.42,9,249,1,High,15.4
20.6,45.2,15.0,13.9,Tea,Chalky,4.37,1,321,0,Low,0.0
34.9,46.1,0.0,7.2,Paddy,Silty,2.11,9,46,1,High,22.4
32.5,59.1,0.0,6.6,Vegetables,Loam,3.67,0,187,1,High,16.0
25.3,67.1,60.0,10.5,Banana,Silty,3.07,4,23,0,Low,0.0
20.6,39.6,8.0,18.4,Banana,Sandy,6.11,7,396,0,Low,0.0
20.1,60.8,35.0,8.0,Coconut,Clay,6.88,8,317,0,Low,0.0
38.8,48.6,0.0,26.9,Paddy,Silty,0.65,3,9,1,High,23.2
35.9,40.6,2.5,16.9,Coffee,Loam,5.3,9,350,1,High,17.5
22.4,87.5,15.0,26.4,Banana,Chalky,5.26,5,274,0,Low,0.0
27.1,49.5,0.0,26.6,Banana,Loam,6.5,5,23,1,High,17.8
24.7,82.4,2.5,6.2,Rubber,Silty,5.56,7,419,1,Medium,13.6
37.6,59.2,15.0,14.8,Rubber,Clay,1.64,2,2,0,Low,0.0
34.4,48.4,0.0,21.6,Rubber,Chalky,6.44,4,235,1,High,15.3
33.2,76.9,15.0,7.3,Vegetables,Sandy,4.76,4,276,0,Low,0.0
30.2,85.0,2.5,19.2,Tea,Silty,2.55,2,89,1,Medium,11.0
23.2,81.5,15.0,10.1,Banana,Loam,7.03,7,463,0,Low,0.0
34.5,82.2,60.0,10.7,Coffee,Sandy,3.25,9,71,0,Low,0.0
29.9,74.8,35.0,5.8,Coffee,Clay,9.78,7,272,0,Low,0.0
20.5,39.8,8.0,16.3,Banana,Chalky,1.34,9,232,0,Low,0.0
33.9,71.7,2.5,15.2,Tea,Silty,8.05,1,416,1,Medium,16.3
38.0,89.1,8.0,4.4,Rubber,Silty,1.44,3,416,0,Low,0.0
29.4,85.8,60.0,5.5,Vegetables,Sandy,5.19,5,16,0,Low,0.0
27.5,51.1,8.0,12.4,Rubber,Clay,3.99,3,407,0,Low,0.0
21.9,83.3,0.0,26.7,Banana,Loam,2.87,5,271,1,Medium,18.5
28.1,45.9,0.0,27.5,Rubber,Sandy,3.71,7,206,1,High,15.8
34.5,61.5,8.0,7.3,Banana,Peat,7.36,4,69,0,Low,0.0
25.9,62.7,2.5,20.7,Rubber,Clay,4.99,2,217,0,Medium,0.0
24.8,71.3,60.0,24.7,Banana,Chalky,8.63,9,103,0,Low,0.0
36.7,47.1,2.5,20.9,Paddy,Silty,6.07,5,263,1,High,22.9
23.6,41.8,0.0,14.1,Coffee,Silty,1.16,1,366,1,Medium,13.2
24.7,71.9,2.5,22.7,Coffee,Sandy,0.98,7,462,1,Medium,14.0
33.2,59.6,0.0,5.4,Tea,Clay,2.19,8,166,1,High,15.5
30.2,87.6,60.0,23.5,Banana,Sandy,3.72,4,180,0,Low,0.0
31.0,78.2,0.0,21.4,Vegetables,Clay,7.76,5,368,1,High,14.5
30.0,58.7,0.0,11.1,Pepper,Clay,3.47,0,469,1,Medium,10.4
25.6,38.3,35.0,16.2,Paddy,Chalky,6.87,0,48,0,Low,0.0
22.1,63.1,8.0,19.4,Coconut,Chalky,5.51,6,132,0,Low,0.0
24.0,72.0,60.0,13.6,Vegetables,Clay,7.88,4,155,0,Low,0.0
30.6,38.6,8.0,23.7,Tea,Loam,7.16,5,208,0,Medium,0.0
25.0,69.6,2.5,9.5,Vegetables,Chalky,7.29,5,417,1,Medium,16.9
21.3,93.3,8.0,5.1,Paddy,Sandy,1.78,3,376,0,Low,0.0
28.5,72.6,15.0,14.5,Coffee,Silty,1.19,9,408,0,Low,0.0
35.7,53.3,0.0,12.2,Coconut,Sandy,0.69,0,131,1,High,18.9
35.5,92.3,0.0,21.3,Banana,Peat,8.44,5,484,1,High,22.8
36.8,47.4,15.0,18.3,Banana,Loam,1.24,1,300,0,Low,0.0
33.1,75.3,2.5,18.7,Banana,Loam,1.51,0,237,1,Medium,20.7
21.9,56.8,35.0,11.1,Tea,Peat,2.11,4,432,0,Low,0.0
29.4,60.7,35.0,15.2,Coffee,Peat,1.4,5,239,0,Low,0.0
38.6,67.7,15.0,15.1,Tea,Chalky,6.29,5,450,0,Low,0.0
23.0,67.7,8.0,7.4,Coconut,Clay,6.43,3,9,0,Low,0.0
32.2,51.6,15.0,13.5,Coconut,Peat,6.3,6,447,0,Medium,0.0
32.8,39.5,2.5,15.1,Pepper,Silty,2.14,8,56,1,High,12.9
38.3,44.3,8.0,24.3,Coffee,Clay,4.69,8,77,0,Medium,0.0
34.7,37.0,0.0,5.7,Pepper,Silty,4.96,1,187,1,High,14.4
22.8,37.0,0.0,23.8,Rubber,Clay,9.49,1,433,1,Medium,12.5
32.3,84.6,0.0,10.6,Coconut,Peat,7.97,9,78,1,High,13.4
31.1,49.9,15.0,13.1,Pepper,Sandy,6.4,9,355,0,Medium,0.0
29.4,84.5,0.0,24.9,Tea,Sandy,2.46,5,149,1,Medium,15.9
23.0,50.1,0.0,9.3,Banana,Chalky,3.7,4,460,1,High,19.8
35.3,45.8,15.0,14.9,Coffee,Peat,5.35,7,261,0,Medium,0.0
34.0,58.8,8.0,7.7,Vegetables,Sandy,1.11,9,375,0,Medium,0.0
23.6,89.6,2.5,22.5,Banana,Chalky,0.92,8,388,1,Medium,19.3
20.4,49.6,35.0,21.7,Paddy,Peat,2.84,6,106,0,Low,0.0
38.5,86.0,8.0,20.5,Vegetables,Sandy,7.36,6,379,0,Low,0.0
28.4,39.3,60.0,26.0,Banana,Loam,5.85,2,397,0,Low,0.0
28.1,49.0,2.5,13.3,Rubber,Peat,7.04,1,330,1,Medium,13.7
25.2,83.0,15.0,4.4,Rubber,Sandy,8.02,7,16,0,Low,0.0
32.7,40.6,35.0,13.0,Banana,Loam,5.54,6,220,0,Medium,0.0
23.8,52.2,60.0,26.9,Coffee,Sandy,7.14,7,217,0,Low,0.0
27.1,89.1,35.0,19.4,Coconut,Chalky,5.82,9,35,0,Low,0.0
25.0,37.4,15.0,6.8,Coconut,Peat,4.41,0,315,0,Low,0.0
27.5,69.7,15.0,20.8,Banana,Loam,2.02,4,227,0,Low,0.0
31.0,91.9,15.0,18.1,Pepper,Sandy,3.59,0,131,0,Low,0.0
25.9,84.2,8.0,27.1,Coconut,Sandy,4.42,2,384,0,Low,0.0
35.9,93.0,15.0,19.8,Tea,Sandy,7.79,9,2,0,Low,0.0
37.1,66.4,0.0,16.8,Coffee,Clay,2.4,3,51,1,High,16.7
37.3,65.1,60.0,4.1,Paddy,Chalky,3.85,1,85,0,Low,0.0
36.3,50.5,60.0,7.5,Coconut,Peat,0.67,2,35,0,Low,0.0
21.4,72.7,2.5,22.5,Banana,Sandy,7.28,4,455,1,Medium,19.6
38.4,84.3,0.0,17.8,Coffee,Silty,4.85,2,62,1,Medium,15.9
34.9,79.8,0.0,21.4,Rubber,Peat,6.41,2,125,1,Medium,17.1
28.1,62.4,35.0,20.4,Coffee,Sandy,3.82,8,198,0,Low,0.0
36.0,73.8,0.0,15.8,Pepper,Loam,2.61,2,457,1,Medium,14.3
21.3,73.4,8.0,26.2,Tea,Clay,9.72,8,398,0,Low,0.0
36.8,47.9,35.0,5.1,Banana,Silty,3.04,7,497,0,Medium,0.0
35.6,51.3,8.0,14.1,Rubber,Sandy,5.61,6,123,0,Medium,0.0
27.6,71.9,0.0,25.7,Paddy,Sandy,4.6,8,347,1,Medium,19.4
32.5,73.8,60.0,16.1,Paddy,Clay,2.9,1,31,0,Low,0.0
25.0,65.8,15.0,24.9,Pepper,Clay,3.61,2,163,0,Low,0.0
24.5,81.6,60.0,7.1,Vegetables,Clay,5.82,9,482,0,Low,0.0
34.0,72.5,2.5,4.4,Paddy,Silty,6.78,1,71,1,Medium,20.3
25.6,87.7,35.0,18.3,Rubber,Sandy,3.96,3,78,0,Low,0.0
32.1,80.1,15.0,15.4,Tea,Loam,9.81,2,17,0,Low,0.0
30.9,58.9,0.0,19.9,Coffee,Silty,2.04,9,277,1,High,10.5
20.3,88.4,35.0,12.6,Coffee,Loam,7.98,3,105,0,Low,0.0
33.5,41.9,0.0,23.6,Paddy,Loam,0.56,6,456,1,High,23.9
21.1,69.4,35.0,26.8,Banana,Chalky,5.09,6,453,0,Low,0.0
27.6,57.0,60.0,26.4,Pepper,Sandy,7.08,8,36,0,Low,0.0
28.1,46.8,8.0,10.9,Rubber,Silty,2.45,8,82,0,Low,0.0
31.0,45.3,2.5,6.1,Paddy,Silty,4.04,0,343,1,High,18.2
28.0,68.9,35.0,27.1,Coffee,Loam,6.9,9,30,0,Low,0.0
35.3,46.0,35.0,9.2,Pepper,Chalky,9.91,1,79,0,Low,0.0
35.1,93.1,8.0,20.3,Pepper,Clay,0.9,3,8,0,Low,0.0
27.1,43.9,8.0,26.3,Coffee,Chalky,9.65,8,309,0,Low,0.0
32.0,69.8,60.0,11.9,Paddy,Chalky,7.67,8,185,0,Low,0.0
37.8,42.4,0.0,12.8,Tea,Sandy,3.39,4,112,1,High,19.4
31.7,66.9,0.0,17.9,Coconut,Clay,8.43,3,107,1,High,12.3
38.7,88.9,2.5,11.3,Tea,Sandy,4.99,6,239,1,High,20.0
37.8,38.2,60.0,24.1,Banana,Silty,2.91,4,67,0,Medium,0.0
25.1,65.7,0.0,17.7,Vegetables,Sandy,5.54,9,339,1,Medium,20.2
28.4,54.1,0.0,22.2,Banana,Clay,2.72,1,432,1,Medium,19.1
36.3,35.0,2.5,17.6,Banana,Sandy,1.54,4,113,1,High,23.3
38.5,92.4,35.0,22.0,Tea,Silty,4.97,1,244,0,Low,0.0
27.5,72.0,0.0,12.5,Pepper,Silty,4.67,0,146,0,Medium,0.0
31.6,48.2,35.0,11.0,Coffee,Chalky,1.26,2,349,0,Low,0.0
38.0,64.1,15.0,7.0,Paddy,Chalky,9.03,1,312,0,Low,0.0
27.6,48.0,35.0,21.8,Coconut,Peat,9.19,2,158,0,Low,0.0
26.0,91.4,0.0,22.3,Coffee,Clay,8.92,3,464,1,Medium,13.7
26.3,65.2,0.0,14.0,Coffee,Chalky,4.58,9,409,1,Medium,13.0
37.8,70.5,35.0,21.7,Tea,Clay,3.15,5,479,0,Low,0.0
20.1,94.1,60.0,18.8,Coffee,Clay,9.61,2,106,0,Low,0.0
25.9,81.2,8.0,6.4,Banana,Clay,1.84,2,173,0,Low,0.0
30.6,80.8,0.0,6.8,Banana,Loam,0.74,2,3,1,Medium,19.6
36.8,77.0,35.0,13.8,Coffee,Silty,5.03,5,417,0,Low,0.0
37.4,67.2,0.0,4.9,Banana,Sandy,2.68,5,467,1,High,26.0
29.6,88.6,0.0,27.8,Coconut,Chalky,1.32,3,341,1,Medium,10.5
29.9,73.0,35.0,5.4,Paddy,Sandy,6.09,8,315,0,Low,0.0
32.5,64.8,15.0,14.0,Vegetables,Chalky,6.37,3,370,0,Low,0.0
22.0,74.0,35.0,7.9,Pepper,Silty,8.55,3,96,0,Low,0.0
27.9,50.9,0.0,9.8,Paddy,Sandy,9.73,1,327,1,Medium,22.9
26.4,77.2,15.0,12.2,Tea,Clay,6.91,1,288,0,Low,0.0
28.8,68.4,15.0,20.9,Rubber,Clay,1.4,6,240,0,Low,0.0
21.9,71.8,60.0,27.0,Pepper,Loam,9.91,6,469,0,Low,0.0
33.7,39.4,8.0,7.5,Coconut,Chalky,0.65,8,27,0,Medium,0.0
28.3,47.0,60.0,19.0,Pepper,Clay,0.87,3,440,0,Low,0.0
22.3,73.9,60.0,5.6,Tea,Sandy,3.24,7,182,0,Low,0.0
36.5,57.2,2.5,22.7,Pepper,Sandy,5.43,8,307,1,High,18.6
36.9,49.4,15.0,15.9,Coffee,Silty,4.46,5,399,0,Medium,0.0
28.2,42.9,0.0,17.3,Tea,Sandy,5.01,5,378,1,High,13.1
32.8,59.3,0.0,16.0,Vegetables,Clay,5.43,2,456,1,High,16.1
24.6,46.1,8.0,17.0,Tea,Sandy,4.96,5,167,0,Low,0.0
28.5,59.7,0.0,13.3,Tea,Chalky,6.58,3,290,1,High,13.4
36.6,45.2,0.0,8.5,Banana,Clay,0.68,7,499,1,High,20.9
37.7,78.0,8.0,20.0,Tea,Loam,7.31,2,103,0,Low,0.0
25.8,54.3,8.0,27.1,Coffee,Loam,6.62,7,252,0,Low,0.0
32.0,93.6,15.0,20.3,Tea,Sandy,8.96,6,156,0,Low,0.0
31.8,53.9,0.0,20.9,Tea,Sandy,7.39,7,476,1,High,14.0
20.4,67.7,0.0,20.1,Coconut,Peat,4.45,3,179,1,Medium,11.5
31.2,73.9,0.0,23.2,Banana,Silty,7.84,1,119,1,Medium,19.3
25.2,67.8,8.0,16.1,Rubber,Silty,7.4,8,158,0,Low,0.0
22.5,80.0,0.0,27.6,Coffee,Sandy,7.14,0,279,0,Medium,0.0
20.8,59.2,2.5,20.0,Tea,Chalky,5.26,6,234,1,High,11.1
25.8,65.9,8.0,26.6,Vegetables,Silty,0.9,4,104,0,Low,0.0
21.0,56.6,15.0,13.2,Coconut,Loam,9.8,4,360,0,Low,0.0
37.5,63.8,2.5,5.2,Banana,Clay,8.1,9,57,1,High,21.5
37.6,84.7,8.0,27.8,Coffee,Peat,2.06,3,157,0,Low,0.0
32.7,38.6,35.0,4.2,Banana,Silty,3.86,4,98,0,Medium,0.0
34.9,67.7,2.5,5.1,Tea,Loam,8.3,2,285,1,Medium,18.0
24.9,78.5,0.0,5.1,Tea,Peat,3.44,1,8,0,Medium,0.0
37.3,46.6,8.0,21.0,Rubber,Sandy,5.77,4,254,0,Medium,0.0
35.0,60.4,8.0,10.1,Vegetables,Clay,7.97,6,89,0,Low,0.0
27.9,49.0,35.0,17.2,Coconut,Chalky,6.33,7,285,0,Low,0.0
33.2,45.0,35.0,26.0,Vegetables,Chalky,7.91,6,157,0,Medium,0.0
27.6,79.4,0.0,7.4,Coconut,Silty,9.1,1,15,0,Medium,0.0
29.3,90.6,15.0,15.8,Coffee,Silty,2.41,3,378,0,Low,0.0
34.5,63.2,0.0,5.7,Vegetables,Chalky,4.08,5,421,1,High,20.5
36.7,88.3,35.0,22.7,Paddy,Clay,3.64,9,440,0,Low,0.0
26.6,55.3,60.0,18.6,Pepper,Clay,5.77,2,298,0,Low,0.0
29.4,45.7,8.0,9.8,Rubber,Silty,0.97,2,9,0,Low,0.0
24.8,86.7,8.0,4.5,Coffee,Chalky,1.86,4,187,0,Low,0.0
30.8,49.8,35.0,17.0,Coconut,Peat,5.68,3,225,0,Medium,0.0
34.2,65.3,60.0,14.2,Coffee,Clay,9.71,8,498,0,Low,0.0
23.7,93.4,35.0,23.6,Pepper,Chalky,0.9,7,302,0,Low,0.0
36.4,68.8,8.0,9.7,Pepper,Silty,9.41,3,44,0,Low,0.0
33.3,39.9,35.0,19.4,Vegetables,Loam,3.11,2,227,0,Low,0.0
34.2,47.3,15.0,24.2,Pepper,Loam,8.47,1,259,0,Low,0.0
35.9,44.2,8.0,28.0,Vegetables,Loam,9.9,5,397,0,Medium,0.0
33.9,58.3,0.0,14.9,Tea,Peat,7.09,5,58,1,High,17.4
38.5,51.0,0.0,10.1,Paddy,Chalky,5.02,8,341,1,High,22.9
38.1,85.1,0.0,11.9,Coconut,Sandy,3.06,5,412,1,High,19.3
23.2,60.5,8.0,16.6,Paddy,Chalky,7.11,7,110,0,Low,0.0
23.4,41.2,0.0,16.6,Coconut,Chalky,8.6,7,184,1,High,10.5
33.6,61.1,0.0,11.8,Rubber,Loam,9.61,8,146,1,High,17.0
24.8,59.9,8.0,5.2,Rubber,Sandy,8.44,9,12,0,Low,0.0
26.1,49.8,2.5,23.1,Coffee,Peat,7.25,9,255,1,High,13.0
28.8,71.1,15.0,4.9,Rubber,Chalky,7.52,6,366,0,Low,0.0
35.1,60.9,0.0,25.2,Banana,Clay,5.78,8,334,1,High,22.6
29.4,72.2,2.5,24.7,Banana,Sandy,9.44,5,26,1,Medium,22.5
28.2,59.8,0.0,24.8,Vegetables,Silty,7.28,4,37,1,High,17.0
34.4,92.2,2.5,11.3,Vegetables,Silty,3.69,8,498,1,High,21.8
31.3,84.2,2.5,18.7,Pepper,Clay,7.79,0,313,1,Medium,11.6
38.1,86.9,15.0,9.1,Tea,Chalky,4.32,6,218,0,Low,0.0
32.3,39.4,35.0,6.5,Coconut,Clay,3.44,1,147,0,Low,0.0
20.2,46.4,35.0,9.5,Banana,Clay,7.2,8,190,0,Low,0.0
28.2,90.7,60.0,10.0,Coconut,Chalky,4.87,1,135,0,Low,0.0
24.3,51.3,0.0,27.4,Vegetables,Silty,1.71,3,30,1,High,15.6
38.8,63.3,0.0,20.3,Banana,Sandy,2.03,4,37,1,High,23.9
36.7,63.9,2.5,19.0,Rubber,Sandy,2.91,5,12,1,High,19.8
30.4,71.6,0.0,5.4,Coffee,Peat,2.5,8,381,1,High,11.3
26.2,90.4,0.0,19.6,Vegetables,Chalky,7.61,6,412,1,Medium,17.6
24.9,90.8,8.0,13.3,Pepper,Clay,9.33,3,371,0,Low,0.0
22.6,45.4,2.5,4.2,Coconut,Silty,9.64,9,272,1,High,13.4
30.0,47.5,0.0,17.9,Tea,Peat,3.39,1,383,1,Medium,13.4
33.2,90.9,35.0,22.0,Tea,Loam,5.93,0,199,0,Low,0.0
24.9,66.7,15.0,5.8,Paddy,Silty,8.55,1,314,0,Low,0.0
32.9,91.2,0.0,11.6,Paddy,Silty,4.13,3,187,1,High,17.7
30.2,61.8,0.0,24.0,Coconut,Sandy,7.44,1,111,1,Medium,15.4
22.6,35.2,60.0,5.7,Vegetables,Clay,2.54,0,83,0,Low,0.0
24.2,79.9,2.5,25.0,Pepper,Silty,2.29,6,453,1,Medium,11.9
38.1,49.8,15.0,26.2,Coffee,Chalky,4.18,7,112,0,Medium,0.0
36.1,53.5,2.5,21.4,Coconut,Sandy,9.57,6,244,1,High,20.2
38.4,63.7,2.5,7.2,Pepper,Sandy,0.71,2,256,1,Medium,18.1
21.2,57.1,0.0,19.0,Coconut,Loam,6.79,7,497,1,High,12.2
25.5,91.4,0.0,25.5,Coffee,Chalky,3.85,8,227,1,Medium,12.3
26.9,92.0,0.0,9.5,Banana,Silty,8.93,7,289,1,Medium,16.7
33.9,66.5,0.0,19.2,Paddy,Peat,6.24,6,298,1,High,23.2
36.3,63.9,60.0,15.7,Rubber,Clay,2.35,3,352,0,Low,0.0
24.4,66.6,8.0,19.8,Vegetables,Silty,8.4,8,148,0,Low,0.0
20.3,60.6,60.0,11.7,Pepper,Peat,3.21,0,285,0,Low,0.0
20.6,52.0,0.0,12.1,Paddy,Chalky,0.95,4,360,1,High,18.8
24.3,82.7,35.0,19.5,Banana,Clay,9.51,1,58,0,Low,0.0
39.0,64.7,8.0,14.4,Pepper,Loam,2.53,5,270,0,Low,0.0
25.7,79.9,8.0,14.6,Vegetables,Sandy,5.27,2,8,0,Low,0.0
33.4,78.3,0.0,19.2,Paddy,Silty,9.03,9,405,1,High,22.0
28.2,57.6,60.0,7.1,Banana,Sandy,3.74,5,102,0,Low,0.0
20.4,77.0,15.0,12.4,Vegetables,Loam,9.45,6,246,0,Low,0.0
21.7,52.5,2.5,11.2,Rubber,Sandy,7.88,9,280,1,High,13.5
35.8,77.3,0.0,19.3,Tea,Peat,7.36,3,105,1,High,16.0
21.0,92.3,0.0,23.6,Coconut,Chalky,5.32,8,58,1,Medium,10.7
22.0,93.2,35.0,6.9,Rubber,Peat,2.93,8,238,0,Low,0.0
30.8,58.9,35.0,15.4,Coconut,Clay,8.09,0,114,0,Low,0.0
30.5,40.8,60.0,18.1,Coconut,Sandy,9.41,1,188,0,Low,0.0
27.1,72.6,60.0,14.8,Banana,Loam,1.49,5,351,0,Low,0.0
29.7,68.4,15.0,26.8,Paddy,Silty,1.53,0,201,0,Low,0.0
21.6,93.2,0.0,8.9,Coffee,Chalky,8.54,1,57,0,Medium,0.0
33.8,95.0,35.0,10.7,Coconut,Peat,3.39,2,108,0,Low,0.0
30.3,41.0,2.5,6.0,Coconut,Peat,5.78,5,463,1,High,10.8
31.3,80.4,60.0,10.8,Coconut,Peat,1.26,1,157,0,Low,0.0
36.0,63.9,2.5,7.7,Paddy,Sandy,2.55,2,70,1,Medium,24.2
29.8,70.3,35.0,23.0,Pepper,Chalky,3.35,8,107,0,Low,0.0
32.3,90.8,8.0,9.5,Rubber,Peat,6.69,7,280,0,Low,0.0
36.9,86.5,2.5,16.9,Coconut,Silty,6.29,1,157,1,Medium,16.7
20.2,63.9,2.5,9.2,Rubber,Sandy,8.15,2,370,0,Medium,0.0
24.9,36.9,0.0,9.0,Rubber,Peat,2.32,4,389,1,High,10.8
20.5,36.2,0.0,9.8,Paddy,Loam,9.68,0,129,1,Medium,18.7
21.1,90.7,35.0,27.6,Tea,Silty,2.98,8,211,0,Low,0.0
21.5,87.5,2.5,26.2,Banana,Sandy,4.37,1,227,0,Medium,0.0
32.6,58.7,8.0,15.6,Tea,Loam,8.97,9,177,0,Medium,0.0
31.0,74.4,0.0,7.4,Paddy,Chalky,4.41,0,471,1,Medium,19.7
20.1,88.6,0.0,21.7,Pepper,Chalky,5.91,5,136,1,Medium,12.2
25.7,59.0,35.0,9.1,Pepper,Loam,5.93,8,68,0,Low,0.0
35.2,39.2,60.0,24.4,Pepper,Clay,8.77,7,494,0,Medium,0.0
34.3,66.1,35.0,17.5,Rubber,Clay,1.81,9,402,0,Low,0.0
26.0,38.1,35.0,7.4,Tea,Loam,6.92,1,152,0,Low,0.0
21.7,49.4,15.0,27.0,Tea,Sandy,8.68,3,28,0,Low,0.0
37.7,58.9,35.0,25.5,Tea,Silty,9.12,2,340,0,Low,0.0
20.6,85.5,35.0,15.3,Vegetables,Loam,5.15,0,294,0,Low,0.0
20.3,60.1,2.5,23.2,Pepper,Chalky,6.28,3,235,1,Medium,13.1
30.9,76.7,35.0,6.9,Paddy,Sandy,4.88,8,363,0,Low,0.0
29.3,81.4,60.0,8.0,Coconut,Peat,1.77,0,260,0,Low,0.0
35.2,94.3,0.0,14.8,Paddy,Peat,4.04,0,350,1,Medium,21.0
25.2,78.2,35.0,4.8,Coconut,Sandy,0.97,4,357,0,Low,0.0
24.3,68.1,8.0,25.9,Rubber,Sandy,0.93,3,289,0,Low,0.0
27.8,51.4,15.0,9.2,Tea,Silty,1.98,7,264,0,Low,0.0
27.2,61.4,8.0,25.7,Coconut,Loam,4.78,7,240,0,Low,0.0
38.1,82.7,8.0,15.3,Tea,Loam,5.6,7,499,0,Low,0.0
31.2,35.7,0.0,27.7,Vegetables,Silty,0.94,6,312,1,High,17.9
26.1,59.6,0.0,16.8,Coconut,Sandy,6.73,9,288,1,High,13.1
28.2,69.2,8.0,23.6,Paddy,Peat,4.67,3,148,0,Low,0.0
23.9,57.3,2.5,4.8,Rubber,Chalky,6.6,8,448,1,High,13.6
29.7,59.6,0.0,10.9,Rubber,Sandy,6.95,5,190,1,High,13.6
25.9,89.0,60.0,12.7,Tea,Sandy,1.65,0,29,0,Low,0.0
34.7,36.2,60.0,7.5,Paddy,Silty,0.64,6,104,0,Medium,0.0
20.4,71.6,2.5,14.4,Rubber,Peat,9.46,1,300,0,Medium,0.0
38.2,39.3,35.0,11.8,Pepper,Loam,7.74,7,101,0,Medium,0.0
